,actualDelay,areaId,areaId1,areaId2,areaId3,atStop,busStop,congestion,coordinates,datetime,day,dayOfWeek,delay,delay_interval,directionLine,distanceCovered,ellapsedTime,event_around,event_around_bool,gridID,hour,id,journeyPatternId,justLeftStop,justStopped,latitude,lineId,longitude,minute,month,patternLine,relevant_tweet,relevant_tweet_bool,vehicleId,vehicleSpeed,year
nl2jPHcBXOWlsYmdRFTk,0.0,967.0,14.0,241.0,967.0,0.0,3514.0,0.0,"[-6.232667, 53.2811]",2017-10-23 18:54:47,23.0,2.0,677.0,8.0,0,0.24007608289396523,17000.0,no,0.0,"165,67",18.0,59ee2d16e45b4b6341e6f6f3,044B0001,0.0,0.0,53.2811,44,-6.232667,54.0,10.0,044B,no,0.0,28052.0,50.0,2017.0
Ol2jPHcBXOWlsYmdRFbk,0.0,967.0,14.0,241.0,967.0,0.0,3514.0,0.0,"[-6.233733, 53.282417]",2017-10-23 18:55:12,23.0,2.0,677.0,8.0,0,0.1626904480188461,25000.0,no,0.0,"165,68",18.0,59ee2d2ee45b4b6341e6f8a9,044B0001,0.0,0.0,53.282417,44,-6.233733,55.0,10.0,044B,no,0.0,28052.0,23.0,2017.0
mV2jPHcBXOWlsYmdRmUJ,0.0,967.0,14.0,241.0,967.0,0.0,3514.0,0.0,"[-6.2372, 53.284567]",2017-10-23 18:55:47,23.0,2.0,677.0,8.0,0,0.19412752309271245,21000.0,no,0.0,"164,69",18.0,59ee2d54e45b4b6341e6fc91,044B0001,0.0,0.0,53.284567,44,-6.2372,55.0,10.0,044B,no,0.0,28052.0,33.0,2017.0
YF2jPHcBXOWlsYmdRm-a,0.0,967.0,14.0,241.0,967.0,0.0,3514.0,0.0,"[-6.2381, 53.285333]",2017-10-23 18:56:07,23.0,2.0,677.0,8.0,0,0.10408796211109808,20000.0,no,0.0,"164,69",18.0,59ee2d68e45b4b6341e6feaa,044B0001,0.0,0.0,53.285333,44,-6.2381,56.0,10.0,044B,no,0.0,28052.0,18.0,2017.0
zF2jPHcBXOWlsYmdRnCa,0.0,967.0,14.0,241.0,967.0,0.0,3514.0,0.0,"[-6.238117, 53.285333]",2017-10-23 18:56:26,23.0,2.0,677.0,8.0,0,0.0011300869738963364,19000.0,no,0.0,"164,69",18.0,59ee2d7be45b4b6341e70032,044B0001,0.0,0.0,53.285333,44,-6.238117,56.0,10.0,044B,no,0.0,28052.0,0.0,2017.0
UV2jPHcBXOWlsYmdR3ok,0.0,967.0,14.0,241.0,967.0,0.0,3514.0,0.0,"[-6.239117, 53.2852]",2017-10-23 18:56:45,23.0,2.0,677.0,8.0,0,0.06810099362642591,19000.0,no,0.0,"163,69",18.0,59ee2d94e45b4b6341e70205,044B0001,0.0,0.0,53.2852,44,-6.239117,56.0,10.0,044B,no,0.0,28052.0,12.0,2017.0
pF2jPHcBXOWlsYmdR3sk,0.0,967.0,14.0,241.0,967.0,0.0,3514.0,0.0,"[-6.24005, 53.284733]",2017-10-23 18:57:07,23.0,2.0,677.0,8.0,0,0.08089063004132527,22000.0,no,0.0,"163,69",18.0,59ee2da5e45b4b6341e70370,044B0001,0.0,0.0,53.284733,44,-6.24005,57.0,10.0,044B,no,0.0,28052.0,13.0,2017.0
fl2jPHcBXOWlsYmdR30k,0.0,967.0,14.0,241.0,967.0,0.0,3514.0,0.0,"[-6.241783, 53.28555]",2017-10-23 18:57:28,23.0,2.0,677.0,8.0,0,0.14671316565100848,21000.0,no,0.0,"162,69",18.0,59ee2dbbe45b4b6341e70567,044B0001,0.0,0.0,53.28555,44,-6.241783,57.0,10.0,044B,no,0.0,28052.0,25.0,2017.0
5V2jPHcBXOWlsYmdR4bq,0.0,967.0,14.0,241.0,967.0,0.0,3514.0,0.0,"[-6.2433, 53.287]",2017-10-23 18:57:47,23.0,2.0,677.0,8.0,0,0.1901708637622685,19000.0,no,0.0,"162,70",18.0,59ee2dcae45b4b6341e70718,044B0001,0.0,0.0,53.287,44,-6.2433,57.0,10.0,044B,no,0.0,28052.0,36.0,2017.0
N16jPHcBXOWlsYmdl-W7,0.0,3873.0,14.0,241.0,3873.0,1.0,2825.0,0.0,"[-6.245749, 53.292484]",2017-10-23 17:22:03,23.0,2.0,0.0,4.0,0,0.0,1800000.0,no,0.0,"161,73",17.0,59ee175de45b4b6341e53212,044B0001,0.0,0.0,53.292484,44,-6.245749,22.0,10.0,044B,no,0.0,28051.0,0.0,2017.0
-lSgPHcBXOWlsYmd76PL,0.0,3873.0,14.0,241.0,3873.0,0.0,2827.0,0.0,"[-6.241556, 53.288033]",2017-10-23 09:49:09,23.0,2.0,97.0,5.0,0,0.21019072506402606,62000.0,no,0.0,"163,71",9.0,59edad36e45b4b6341dc8da0,044B0001,0.0,0.0,53.288033,44,-6.241556,49.0,10.0,044B,no,0.0,28051.0,12.0,2017.0
TVSgPHcBXOWlsYmd76TL,-90.0,967.0,14.0,241.0,967.0,0.0,2829.0,0.0,"[-6.238511, 53.285851]",2017-10-23 09:49:12,23.0,2.0,7.0,4.0,0,0.3159718225393551,3000.0,no,0.0,"164,70",9.0,59edad3ae45b4b6341dc8df8,044B0001,0.0,0.0,53.285851,44,-6.238511,49.0,10.0,044B,no,0.0,28051.0,,2017.0
NFSgPHcBXOWlsYmd76bL,20.0,967.0,14.0,241.0,967.0,0.0,2829.0,0.0,"[-6.238511, 53.285851]",2017-10-23 09:49:27,23.0,2.0,27.0,4.0,0,0.0,15000.0,no,0.0,"164,70",9.0,59edad4ae45b4b6341dc8ffb,044B0001,0.0,0.0,53.285851,44,-6.238511,49.0,10.0,044B,no,0.0,28051.0,0.0,2017.0
ulSgPHcBXOWlsYmd8LOz,0.0,967.0,14.0,241.0,967.0,0.0,2831.0,0.0,"[-6.233345, 53.281851]",2017-10-23 09:50:26,23.0,2.0,-3.0,4.0,0,0.2584102046023911,13000.0,no,0.0,"165,67",9.0,59edad86e45b4b6341dc9605,044B0001,0.0,0.0,53.281851,44,-6.233345,50.0,10.0,044B,no,0.0,28051.0,71.0,2017.0
i1SgPHcBXOWlsYmd8LWz,-22.0,967.0,14.0,241.0,967.0,0.0,2831.0,0.0,"[-6.23195, 53.279854]",2017-10-23 09:50:52,23.0,2.0,-25.0,4.0,0,0.24064561459987752,26000.0,no,0.0,"166,66",9.0,59edad9ae45b4b6341dc97ec,044B0001,0.0,0.0,53.279854,44,-6.23195,50.0,10.0,044B,no,0.0,28051.0,33.0,2017.0
GVWhPHcBXOWlsYmdQ8iz,20.0,238.0,14.0,238.0,238.0,0.0,3499.0,1.0,"[-6.232213, 53.258888]",2017-10-23 16:07:01,23.0,2.0,413.0,7.0,0,0.0,20000.0,no,0.0,"166,55",16.0,59ee05c3e45b4b6341e35073,044B0001,0.0,0.0,53.258888,44,-6.232213,7.0,10.0,044B,#DBSvcUpdate October Bank Holiday Arrangements 2017 https://t.co/vtbCKchhzQ https://t.co/qpvFVUhj2z,0.0,28051.0,0.0,2017.0
w1WhPHcBXOWlsYmdQ8mz,16.0,238.0,14.0,238.0,238.0,0.0,3499.0,1.0,"[-6.232324, 53.258684]",2017-10-23 16:07:21,23.0,2.0,429.0,7.0,0,0.02385513770304535,20000.0,no,0.0,"166,54",16.0,59ee05dbe45b4b6341e35237,044B0001,0.0,0.0,53.258684,44,-6.232324,7.0,10.0,044B,#DBSvcUpdate October Bank Holiday Arrangements 2017 https://t.co/vtbCKchhzQ https://t.co/qpvFVUhj2z,0.0,28051.0,4.0,2017.0
TFWhPHcBXOWlsYmdRMtS,16.0,238.0,14.0,238.0,238.0,0.0,3499.0,1.0,"[-6.232372, 53.258488]",2017-10-23 16:07:41,23.0,2.0,445.0,7.0,0,0.022026837429485895,20000.0,no,0.0,"166,54",16.0,59ee05eee45b4b6341e353d4,044B0001,0.0,0.0,53.258488,44,-6.232372,7.0,10.0,044B,#DBSvcUpdate October Bank Holiday Arrangements 2017 https://t.co/vtbCKchhzQ https://t.co/qpvFVUhj2z,0.0,28051.0,3.0,2017.0
LFWhPHcBXOWlsYmdRM1S,0.0,238.0,14.0,238.0,238.0,0.0,3499.0,0.0,"[-6.232301, 53.25776]",2017-10-23 16:08:01,23.0,2.0,445.0,7.0,0,0.08108755778764394,20000.0,no,0.0,"166,54",16.0,59ee0603e45b4b6341e355d8,044B0001,0.0,0.0,53.25776,44,-6.232301,8.0,10.0,044B,#DBSvcUpdate October Bank Holiday Arrangements 2017 https://t.co/vtbCKchhzQ https://t.co/qpvFVUhj2z,0.0,28051.0,14.0,2017.0
-lWhPHcBXOWlsYmdRM6-,0.0,238.0,14.0,238.0,238.0,0.0,3499.0,0.0,"[-6.23234, 53.257186]",2017-10-23 16:08:22,23.0,2.0,445.0,7.0,0,0.06387858842916637,21000.0,no,0.0,"166,54",16.0,59ee0617e45b4b6341e357cd,044B0001,0.0,0.0,53.257186,44,-6.23234,8.0,10.0,044B,#DBSvcUpdate October Bank Holiday Arrangements 2017 https://t.co/vtbCKchhzQ https://t.co/qpvFVUhj2z,0.0,28051.0,10.0,2017.0
j1WhPHcBXOWlsYmdRNC-,22.0,238.0,14.0,238.0,238.0,0.0,3499.0,0.0,"[-6.232293, 53.256736]",2017-10-23 16:08:42,23.0,2.0,467.0,7.0,0,0.05013529395762443,20000.0,no,0.0,"166,53",16.0,59ee062ce45b4b6341e3597c,044B0001,0.0,0.0,53.256736,44,-6.232293,8.0,10.0,044B,#DBSvcUpdate October Bank Holiday Arrangements 2017 https://t.co/vtbCKchhzQ https://t.co/qpvFVUhj2z,0.0,28051.0,9.0,2017.0
eFWhPHcBXOWlsYmdRdI8,0.0,238.0,14.0,238.0,238.0,0.0,3500.0,0.0,"[-6.231745, 53.255484]",2017-10-23 16:09:01,23.0,2.0,467.0,7.0,0,0.14390959886821703,19000.0,no,0.0,"166,53",16.0,59ee063fe45b4b6341e35b85,044B0001,0.0,0.0,53.255484,44,-6.231745,9.0,10.0,044B,#DBSvcUpdate October Bank Holiday Arrangements 2017 https://t.co/vtbCKchhzQ https://t.co/qpvFVUhj2z,0.0,28051.0,27.0,2017.0
UlWhPHcBXOWlsYmdRdQ8,0.0,238.0,14.0,238.0,238.0,0.0,3500.0,0.0,"[-6.230743, 53.254174]",2017-10-23 16:09:22,23.0,2.0,467.0,7.0,0,0.16019189719214585,21000.0,no,0.0,"166,52",16.0,59ee0653e45b4b6341e35d7f,044B0001,0.0,0.0,53.254174,44,-6.230743,9.0,10.0,044B,#DBSvcUpdate October Bank Holiday Arrangements 2017 https://t.co/vtbCKchhzQ https://t.co/qpvFVUhj2z,0.0,28051.0,27.0,2017.0
AFWhPHcBXOWlsYmdRdai,0.0,961.0,14.0,240.0,961.0,0.0,3500.0,0.0,"[-6.229144, 53.253015]",2017-10-23 16:09:42,23.0,2.0,467.0,7.0,0,0.1671050123480439,20000.0,no,0.0,"167,51",16.0,59ee0665e45b4b6341e35f4c,044B0001,0.0,0.0,53.253015,44,-6.229144,9.0,10.0,044B,#DBSvcUpdate October Bank Holiday Arrangements 2017 https://t.co/vtbCKchhzQ https://t.co/qpvFVUhj2z,0.0,28051.0,30.0,2017.0
0FWhPHcBXOWlsYmdRdei,0.0,961.0,14.0,240.0,961.0,0.0,3501.0,0.0,"[-6.227061, 53.252523]",2017-10-23 16:10:01,23.0,2.0,467.0,7.0,0,0.1489826094069621,19000.0,no,0.0,"167,51",16.0,59ee067de45b4b6341e36141,044B0001,0.0,0.0,53.252523,44,-6.227061,10.0,10.0,044B,#DBSvcUpdate October Bank Holiday Arrangements 2017 https://t.co/vtbCKchhzQ https://t.co/qpvFVUhj2z,0.0,28051.0,28.0,2017.0
uFWhPHcBXOWlsYmdRtkg,0.0,961.0,14.0,240.0,961.0,0.0,3501.0,0.0,"[-6.226566, 53.252558]",2017-10-23 16:10:21,23.0,2.0,467.0,7.0,0,0.03315989567291492,20000.0,no,0.0,"168,51",16.0,59ee068de45b4b6341e3634c,044B0001,0.0,0.0,53.252558,44,-6.226566,10.0,10.0,044B,#DBSvcUpdate October Bank Holiday Arrangements 2017 https://t.co/vtbCKchhzQ https://t.co/qpvFVUhj2z,0.0,28051.0,5.0,2017.0
k1WhPHcBXOWlsYmdRtsh,24.0,961.0,14.0,240.0,961.0,0.0,3501.0,0.0,"[-6.225956, 53.252461]",2017-10-23 16:10:50,23.0,2.0,491.0,7.0,0,0.04199023125566597,29000.0,no,0.0,"168,51",16.0,59ee06abe45b4b6341e36544,044B0001,0.0,0.0,53.252461,44,-6.225956,10.0,10.0,044B,#DBSvcUpdate October Bank Holiday Arrangements 2017 https://t.co/vtbCKchhzQ https://t.co/qpvFVUhj2z,0.0,28051.0,5.0,2017.0
hFWhPHcBXOWlsYmdRt2K,0.0,961.0,14.0,240.0,961.0,0.0,3501.0,0.0,"[-6.224618, 53.252145]",2017-10-23 16:11:03,23.0,2.0,491.0,7.0,0,0.09569747169319087,13000.0,no,0.0,"168,51",16.0,59ee06b7e45b4b6341e3675f,044B0001,0.0,0.0,53.252145,44,-6.224618,11.0,10.0,044B,#DBSvcUpdate October Bank Holiday Arrangements 2017 https://t.co/vtbCKchhzQ https://t.co/qpvFVUhj2z,0.0,28051.0,26.0,2017.0
TlWhPHcBXOWlsYmdRt-K,19.0,961.0,14.0,240.0,961.0,0.0,3502.0,0.0,"[-6.224111, 53.251746]",2017-10-23 16:11:22,23.0,2.0,510.0,7.0,0,0.055732312793513435,19000.0,no,0.0,"168,51",16.0,59ee06cbe45b4b6341e36952,044B0001,0.0,0.0,53.251746,44,-6.224111,11.0,10.0,044B,#DBSvcUpdate October Bank Holiday Arrangements 2017 https://t.co/vtbCKchhzQ https://t.co/qpvFVUhj2z,0.0,28051.0,10.0,2017.0
5VWhPHcBXOWlsYmdRuCK,0.0,961.0,14.0,240.0,961.0,0.0,3502.0,0.0,"[-6.222806, 53.250525]",2017-10-23 16:11:41,23.0,2.0,510.0,7.0,0,0.16115511533522967,19000.0,no,0.0,"169,50",16.0,59ee06dfe45b4b6341e36b03,044B0001,0.0,0.0,53.250525,44,-6.222806,11.0,10.0,044B,#DBSvcUpdate October Bank Holiday Arrangements 2017 https://t.co/vtbCKchhzQ https://t.co/qpvFVUhj2z,0.0,28051.0,30.0,2017.0
dVWhPHcBXOWlsYmdRuL3,18.0,961.0,14.0,240.0,961.0,0.0,3502.0,0.0,"[-6.222766, 53.250487]",2017-10-23 16:12:01,23.0,2.0,528.0,7.0,0,0.004993598358579229,20000.0,no,0.0,"169,50",16.0,59ee06f0e45b4b6341e36cba,044B0001,0.0,0.0,53.250487,44,-6.222766,12.0,10.0,044B,#DBSvcUpdate October Bank Holiday Arrangements 2017 https://t.co/vtbCKchhzQ https://t.co/qpvFVUhj2z,0.0,28051.0,0.0,2017.0
PFWhPHcBXOWlsYmdRuT4,0.0,961.0,14.0,240.0,961.0,0.0,3503.0,0.0,"[-6.221599, 53.249269]",2017-10-23 16:12:22,23.0,2.0,528.0,7.0,0,0.15611199810158913,21000.0,no,0.0,"169,49",16.0,59ee0707e45b4b6341e36e9d,044B0001,0.0,0.0,53.249269,44,-6.221599,12.0,10.0,044B,#DBSvcUpdate October Bank Holiday Arrangements 2017 https://t.co/vtbCKchhzQ https://t.co/qpvFVUhj2z,0.0,28051.0,26.0,2017.0
cFahPHcBXOWlsYmdW3JB,0.0,961.0,14.0,240.0,961.0,0.0,3503.0,0.0,"[-6.219849, 53.247422]",2017-10-23 16:12:42,23.0,2.0,528.0,7.0,0,0.23608558699353965,20000.0,no,0.0,"170,48",16.0,59ee071be45b4b6341e37052,044B0001,0.0,0.0,53.247422,44,-6.219849,12.0,10.0,044B,#DBSvcUpdate October Bank Holiday Arrangements 2017 https://t.co/vtbCKchhzQ https://t.co/qpvFVUhj2z,0.0,28051.0,42.0,2017.0
vVahPHcBXOWlsYmdXYGn,-18.0,961.0,14.0,240.0,961.0,0.0,3504.0,0.0,"[-6.22222, 53.242689]",2017-10-23 16:14:04,23.0,2.0,510.0,7.0,0,0.14514792672399981,3000.0,no,0.0,"169,46",16.0,59ee076de45b4b6341e37860,044B0001,0.0,0.0,53.242689,44,-6.22222,14.0,10.0,044B,#DBSvcUpdate October Bank Holiday Arrangements 2017 https://t.co/vtbCKchhzQ https://t.co/qpvFVUhj2z,0.0,28051.0,,2017.0
3VahPHcBXOWlsYmdXYSo,0.0,961.0,14.0,240.0,961.0,0.0,3505.0,0.0,"[-6.222528, 53.23941]",2017-10-23 16:14:44,23.0,2.0,510.0,7.0,0,0.1852711252083218,19000.0,no,0.0,"169,44",16.0,59ee0795e45b4b6341e37bbf,044B0001,0.0,0.0,53.23941,44,-6.222528,14.0,10.0,044B,#DBSvcUpdate October Bank Holiday Arrangements 2017 https://t.co/vtbCKchhzQ https://t.co/qpvFVUhj2z,0.0,28051.0,35.0,2017.0
uFahPHcBXOWlsYmdXopI,0.0,961.0,14.0,240.0,961.0,0.0,3505.0,0.0,"[-6.222066, 53.23752]",2017-10-23 16:15:05,23.0,2.0,510.0,7.0,0,0.21239548167294486,21000.0,no,0.0,"169,43",16.0,59ee07ade45b4b6341e37dd4,044B0001,0.0,0.0,53.23752,44,-6.222066,15.0,10.0,044B,#DBSvcUpdate October Bank Holiday Arrangements 2017 https://t.co/vtbCKchhzQ https://t.co/qpvFVUhj2z,0.0,28051.0,36.0,2017.0
dlahPHcBXOWlsYmdXo1e,0.0,62227.0,14.0,242.0,3888.0,0.0,3503.0,0.0,"[-6.23155, 53.317617]",2017-10-23 10:18:44,23.0,2.0,-223.0,2.0,0,0.1743130987376693,41000.0,no,0.0,"166,87",10.0,59edb424e45b4b6341dcbdf9,044B0001,0.0,0.0,53.317617,44,-6.23155,18.0,10.0,044B,no,0.0,28051.0,15.0,2017.0
ZVahPHcBXOWlsYmdYLHE,0.0,239.0,14.0,239.0,239.0,0.0,3508.0,0.0,"[-6.220591, 53.226082]",2017-10-23 16:17:23,23.0,2.0,510.0,7.0,0,0.27671032701272963,20000.0,no,0.0,"170,36",16.0,59ee0833e45b4b6341e389ed,044B0001,0.0,0.0,53.226082,44,-6.220591,17.0,10.0,044B,#DBSvcUpdate October Bank Holiday Arrangements 2017 https://t.co/vtbCKchhzQ https://t.co/qpvFVUhj2z,0.0,28051.0,49.0,2017.0
OlahPHcBXOWlsYmdYLPE,-18.0,239.0,14.0,239.0,239.0,0.0,3508.0,0.0,"[-6.220294, 53.223919]",2017-10-23 16:17:43,23.0,2.0,492.0,7.0,0,0.24132588722702797,20000.0,no,0.0,"170,35",16.0,59ee084fe45b4b6341e38be3,044B0001,0.0,0.0,53.223919,44,-6.220294,17.0,10.0,044B,#DBSvcUpdate October Bank Holiday Arrangements 2017 https://t.co/vtbCKchhzQ https://t.co/qpvFVUhj2z,0.0,28051.0,43.0,2017.0
H1ihPHcBXOWlsYmdoRC6,0.0,3873.0,14.0,241.0,3873.0,1.0,2825.0,0.0,"[-6.245749, 53.292484]",2017-10-23 16:30:05,23.0,2.0,0.0,4.0,0,,319000.0,no,0.0,"161,73",16.0,59ee0b2ce45b4b6341e3d8f2,044B0001,0.0,0.0,53.292484,44,-6.245749,30.0,10.0,044B,#DBSvcUpdate October Bank Holiday Arrangements 2017 https://t.co/vtbCKchhzQ https://t.co/qpvFVUhj2z,0.0,28051.0,86.0,2017.0
7FmhPHcBXOWlsYmd0hyp,0.0,967.0,14.0,241.0,967.0,0.0,3493.0,0.0,"[-6.238767, 53.286183]",2017-10-23 18:30:09,23.0,2.0,0.0,4.0,0,0.0,0.0,no,0.0,"163,70",18.0,59ee2754e45b4b6341e666a3,044B0001,0.0,0.0,53.286183,44,-6.238767,30.0,10.0,044B,no,0.0,28052.0,0.0,2017.0
3lmhPHcBXOWlsYmd0yRJ,0.0,967.0,14.0,241.0,967.0,0.0,3493.0,0.0,"[-6.2383, 53.28565]",2017-10-23 18:30:45,23.0,2.0,0.0,4.0,0,0.06690499325393286,36000.0,no,0.0,"164,69",18.0,59ee2778e45b4b6341e66afa,044B0001,0.0,0.0,53.28565,44,-6.2383,30.0,10.0,044B,no,0.0,28052.0,6.0,2017.0
W1mhPHcBXOWlsYmd1CgU,0.0,967.0,14.0,241.0,967.0,0.0,3493.0,0.0,"[-6.233983, 53.283067]",2017-10-23 18:31:24,23.0,2.0,0.0,4.0,0,0.4060197970402836,39000.0,no,0.0,"165,68",18.0,59ee279ee45b4b6341e66eb3,044B0001,0.0,0.0,53.283067,44,-6.233983,31.0,10.0,044B,no,0.0,28052.0,37.0,2017.0
EVmhPHcBXOWlsYmd1Cyu,0.0,967.0,14.0,241.0,967.0,0.0,3494.0,0.0,"[-6.233983, 53.283067]",2017-10-23 18:31:57,23.0,2.0,0.0,4.0,0,0.0,33000.0,no,0.0,"165,68",18.0,59ee27c5e45b4b6341e6729c,044B0001,0.0,0.0,53.283067,44,-6.233983,31.0,10.0,044B,no,0.0,28052.0,0.0,2017.0
0FmhPHcBXOWlsYmd1Cyu,342.0,967.0,14.0,241.0,967.0,0.0,2831.0,0.0,"[-6.231691, 53.279152]",2017-10-23 18:32:07,23.0,2.0,342.0,7.0,0,0.4612260308634639,10000.0,no,0.0,"166,66",18.0,59ee27c8e45b4b6341e6736c,044B0001,0.0,0.0,53.279152,44,-6.231691,32.0,10.0,044B,no,0.0,28052.0,,2017.0
tFmhPHcBXOWlsYmd1S6Q,0.0,967.0,14.0,241.0,967.0,0.0,2832.0,0.0,"[-6.231071, 53.277761]",2017-10-23 18:32:27,23.0,2.0,342.0,7.0,0,0.16007088919795215,20000.0,no,0.0,"166,65",18.0,59ee27dde45b4b6341e67575,044B0001,0.0,0.0,53.277761,44,-6.231071,32.0,10.0,044B,no,0.0,28052.0,28.0,2017.0
j1mhPHcBXOWlsYmd1TCQ,21.0,967.0,14.0,241.0,967.0,0.0,2832.0,0.0,"[-6.231071, 53.277761]",2017-10-23 18:32:44,23.0,2.0,363.0,7.0,0,0.0,17000.0,no,0.0,"166,65",18.0,59ee27ede45b4b6341e67774,044B0001,0.0,0.0,53.277761,44,-6.231071,32.0,10.0,044B,no,0.0,28052.0,0.0,2017.0
j1mhPHcBXOWlsYmd1jJs,15.0,967.0,14.0,241.0,967.0,0.0,2832.0,0.0,"[-6.230754, 53.277478]",2017-10-23 18:33:24,23.0,2.0,378.0,7.0,0,0.03787437810863352,40000.0,no,0.0,"166,65",18.0,59ee2816e45b4b6341e6799c,044B0001,0.0,0.0,53.277478,44,-6.230754,33.0,10.0,044B,no,0.0,28052.0,3.0,2017.0
blmhPHcBXOWlsYmd1jRt,0.0,967.0,14.0,241.0,967.0,0.0,2833.0,0.0,"[-6.229402, 53.275189]",2017-10-23 18:33:48,23.0,2.0,378.0,7.0,0,0.26993335567015503,24000.0,no,0.0,"167,64",18.0,59ee282fe45b4b6341e67b96,044B0001,0.0,0.0,53.275189,44,-6.229402,33.0,10.0,044B,no,0.0,28052.0,40.0,2017.0
LVmhPHcBXOWlsYmd1z3X,18.0,3893.0,14.0,243.0,3893.0,0.0,6006.0,0.0,"[-6.229152, 53.274076]",2017-10-23 18:34:28,23.0,2.0,396.0,7.0,0,0.05098138822656273,14000.0,no,0.0,"167,63",18.0,59ee2856e45b4b6341e680b1,044B0001,0.0,0.0,53.274076,44,-6.229152,34.0,10.0,044B,no,0.0,28052.0,13.0,2017.0
UFmhPHcBXOWlsYmd1z_X,0.0,3893.0,14.0,243.0,3893.0,0.0,6006.0,0.0,"[-6.228964, 53.273623]",2017-10-23 18:34:44,23.0,2.0,396.0,7.0,0,0.05189930455193208,16000.0,no,0.0,"167,63",18.0,59ee2868e45b4b6341e682fd,044B0001,0.0,0.0,53.273623,44,-6.228964,34.0,10.0,044B,no,0.0,28052.0,11.0,2017.0
YVmhPHcBXOWlsYmd96bn,0.0,3873.0,14.0,241.0,3873.0,1.0,2825.0,0.0,"[-6.245749, 53.292484]",2017-10-23 16:52:03,23.0,2.0,0.0,4.0,0,0.0,1318000.0,no,0.0,"161,73",16.0,59ee1053e45b4b6341e45e48,044B0001,0.0,0.0,53.292484,44,-6.245749,52.0,10.0,044B,#DBSvcUpdate October Bank Holiday Arrangements 2017 https://t.co/vtbCKchhzQ https://t.co/qpvFVUhj2z,0.0,28051.0,0.0,2017.0
elWhPHcBXOWlsYmdJWV5,0.0,967.0,14.0,241.0,967.0,0.0,2832.0,0.0,"[-6.23111, 53.277812]",2017-10-23 09:51:11,23.0,2.0,-25.0,4.0,0,0.23382743747468332,19000.0,no,0.0,"166,65",9.0,59edadaee45b4b6341dc9a3d,044B0001,0.0,0.0,53.277812,44,-6.23111,51.0,10.0,044B,no,0.0,28051.0,44.0,2017.0
MlWhPHcBXOWlsYmdJWd5,0.0,967.0,14.0,241.0,967.0,0.0,2832.0,0.0,"[-6.23054, 53.277308]",2017-10-23 09:51:27,23.0,2.0,-25.0,4.0,0,0.06765349020938413,16000.0,no,0.0,"166,65",9.0,59edadc4e45b4b6341dc9c0d,044B0001,0.0,0.0,53.277308,44,-6.23054,51.0,10.0,044B,no,0.0,28051.0,15.0,2017.0
L1WhPHcBXOWlsYmdJWnt,-15.0,967.0,14.0,241.0,967.0,0.0,2833.0,0.0,"[-6.229414, 53.275242]",2017-10-23 09:51:47,23.0,2.0,-40.0,4.0,0,0.2416204214222895,20000.0,no,0.0,"167,64",9.0,59edadd8e45b4b6341dc9e23,044B0001,0.0,0.0,53.275242,44,-6.229414,51.0,10.0,044B,no,0.0,28051.0,43.0,2017.0
F1WhPHcBXOWlsYmdJWvt,-26.0,3893.0,14.0,243.0,3893.0,0.0,6006.0,0.0,"[-6.228592, 53.272713]",2017-10-23 09:52:14,23.0,2.0,-66.0,3.0,0,0.2864744656688081,27000.0,no,0.0,"167,62",9.0,59edadf4e45b4b6341dca026,044B0001,0.0,0.0,53.272713,44,-6.228592,52.0,10.0,044B,no,0.0,28051.0,38.0,2017.0
9VWhPHcBXOWlsYmdJmxO,-15.0,962.0,14.0,240.0,962.0,0.0,6006.0,0.0,"[-6.228586, 53.270783]",2017-10-23 09:52:27,23.0,2.0,-81.0,3.0,0,0.21460657930281146,13000.0,no,0.0,"167,61",9.0,59edadfce45b4b6341dca21f,044B0001,0.0,0.0,53.270783,44,-6.228586,52.0,10.0,044B,no,0.0,28051.0,59.0,2017.0
wVWhPHcBXOWlsYmdJm5P,-41.0,962.0,14.0,240.0,962.0,0.0,3493.0,0.0,"[-6.229224, 53.268331]",2017-10-23 09:52:47,23.0,2.0,-122.0,3.0,0,0.2759312674315075,20000.0,no,0.0,"167,60",9.0,59edae0fe45b4b6341dca402,044B0001,0.0,0.0,53.268331,44,-6.229224,52.0,10.0,044B,no,0.0,28051.0,49.0,2017.0
21WhPHcBXOWlsYmdJnDe,-51.0,962.0,14.0,240.0,962.0,0.0,3493.0,0.0,"[-6.229206, 53.265843]",2017-10-23 09:53:14,23.0,2.0,-173.0,3.0,0,0.2766555673405526,27000.0,no,0.0,"167,58",9.0,59edae2be45b4b6341dca646,044B0001,0.0,0.0,53.265843,44,-6.229206,53.0,10.0,044B,no,0.0,28051.0,36.0,2017.0
jlWhPHcBXOWlsYmdJnLe,0.0,962.0,14.0,240.0,962.0,0.0,3493.0,0.0,"[-6.229208, 53.265573]",2017-10-23 09:53:26,23.0,2.0,-173.0,3.0,0,0.030022924841499588,12000.0,no,0.0,"167,58",9.0,59edae3ae45b4b6341dca80e,044B0001,0.0,0.0,53.265573,44,-6.229208,53.0,10.0,044B,no,0.0,28051.0,9.0,2017.0
XlWhPHcBXOWlsYmdJ3Rh,27.0,962.0,14.0,240.0,962.0,0.0,3493.0,0.0,"[-6.229209, 53.265403]",2017-10-23 09:53:52,23.0,2.0,-146.0,3.0,0,0.018903254524132107,26000.0,no,0.0,"167,58",9.0,59edae50e45b4b6341dcaa02,044B0001,0.0,0.0,53.265403,44,-6.229209,53.0,10.0,044B,no,0.0,28051.0,2.0,2017.0
glWhPHcBXOWlsYmdJ3Zh,0.0,238.0,14.0,238.0,238.0,0.0,3494.0,0.0,"[-6.231065, 53.265295]",2017-10-23 09:54:10,23.0,2.0,-146.0,3.0,0,0.12401940189435112,18000.0,no,0.0,"166,58",9.0,59edae64e45b4b6341dcac41,044B0001,0.0,0.0,53.265295,44,-6.231065,54.0,10.0,044B,no,0.0,28051.0,24.0,2017.0
BlWhPHcBXOWlsYmdJ3jR,0.0,238.0,14.0,238.0,238.0,0.0,3494.0,0.0,"[-6.234483, 53.265407]",2017-10-23 09:54:26,23.0,2.0,-146.0,3.0,0,0.22766108572486723,16000.0,no,0.0,"165,58",9.0,59edae74e45b4b6341dcadde,044B0001,0.0,0.0,53.265407,44,-6.234483,54.0,10.0,044B,no,0.0,28051.0,51.0,2017.0
z1WhPHcBXOWlsYmdJ3nR,-21.0,238.0,14.0,238.0,238.0,0.0,3495.0,0.0,"[-6.2389, 53.264868]",2017-10-23 09:54:47,23.0,2.0,-167.0,3.0,0,0.29981356177536983,21000.0,no,0.0,"163,58",9.0,59edae8be45b4b6341dcafb9,044B0001,0.0,0.0,53.264868,44,-6.2389,54.0,10.0,044B,no,0.0,28051.0,51.0,2017.0
w1WhPHcBXOWlsYmdJ3vR,0.0,238.0,14.0,238.0,238.0,0.0,3495.0,0.0,"[-6.240595, 53.264447]",2017-10-23 09:55:07,23.0,2.0,-167.0,3.0,0,0.12206434127555074,20000.0,no,0.0,"163,58",9.0,59edae9ce45b4b6341dcb1ca,044B0001,0.0,0.0,53.264447,44,-6.240595,55.0,10.0,044B,no,0.0,28051.0,21.0,2017.0
1lWhPHcBXOWlsYmdKHxO,-56.0,3885.0,14.0,242.0,3885.0,0.0,3503.0,0.0,"[-6.238317, 53.310683]",2017-10-23 10:16:41,23.0,2.0,-223.0,2.0,0,,1294000.0,no,0.0,"164,83",10.0,59edb3a8e45b4b6341dcb2de,044B0001,0.0,0.0,53.310683,44,-6.238317,16.0,10.0,044B,no,0.0,28051.0,14.0,2017.0
Z1WhPHcBXOWlsYmdKH5O,0.0,3885.0,14.0,242.0,3885.0,0.0,3503.0,0.0,"[-6.2388, 53.312933]",2017-10-23 10:16:51,23.0,2.0,-223.0,2.0,0,0.25223790222067866,10000.0,no,0.0,"163,85",10.0,59edb3b4e45b4b6341dcb46f,044B0001,0.0,0.0,53.312933,44,-6.2388,16.0,10.0,044B,no,0.0,28051.0,90.0,2017.0
w1WhPHcBXOWlsYmdKH_D,0.0,15553.0,14.0,242.0,3888.0,0.0,3503.0,0.0,"[-6.238133, 53.313333]",2017-10-23 10:17:07,23.0,2.0,-223.0,2.0,0,0.06278300074161063,16000.0,no,0.0,"164,85",10.0,59edb3c2e45b4b6341dcb5cb,044B0001,0.0,0.0,53.313333,44,-6.238133,17.0,10.0,044B,no,0.0,28051.0,14.0,2017.0
eVWhPHcBXOWlsYmdKIHD,0.0,15553.0,14.0,242.0,3888.0,0.0,3503.0,0.0,"[-6.23705, 53.31415]",2017-10-23 10:17:23,23.0,2.0,-223.0,2.0,0,0.11588429748203875,16000.0,no,0.0,"164,85",10.0,59edb3d6e45b4b6341dcb786,044B0001,0.0,0.0,53.31415,44,-6.23705,17.0,10.0,044B,no,0.0,28051.0,26.0,2017.0
81WhPHcBXOWlsYmdKILD,0.0,15553.0,14.0,242.0,3888.0,0.0,3503.0,0.0,"[-6.23595, 53.3162]",2017-10-23 10:17:43,23.0,2.0,-223.0,2.0,0,0.23937536600272863,20000.0,no,0.0,"164,86",10.0,59edb3e8e45b4b6341dcb906,044B0001,0.0,0.0,53.3162,44,-6.23595,17.0,10.0,044B,no,0.0,28051.0,43.0,2017.0
lFWhPHcBXOWlsYmdKYQp,0.0,15554.0,14.0,242.0,3888.0,0.0,3503.0,0.0,"[-6.234167, 53.317733]",2017-10-23 10:18:03,23.0,2.0,-223.0,2.0,0,0.2075690038052334,20000.0,no,0.0,"165,87",10.0,59edb3fce45b4b6341dcbaba,044B0001,0.0,0.0,53.317733,44,-6.234167,18.0,10.0,044B,no,0.0,28051.0,37.0,2017.0
flWhPHcBXOWlsYmdLIlK,23.0,238.0,14.0,238.0,238.0,0.0,3496.0,0.0,"[-6.240087, 53.263965]",2017-10-23 16:01:13,23.0,2.0,181.0,6.0,0,0.030253435492219146,31000.0,no,0.0,"163,57",16.0,59ee046de45b4b6341e332e8,044B0001,0.0,0.0,53.263965,44,-6.240087,1.0,10.0,044B,#DBSvcUpdate October Bank Holiday Arrangements 2017 https://t.co/vtbCKchhzQ https://t.co/qpvFVUhj2z,0.0,28051.0,3.0,2017.0
HVWhPHcBXOWlsYmdLItK,0.0,238.0,14.0,238.0,238.0,0.0,3496.0,0.0,"[-6.238052, 53.263067]",2017-10-23 16:01:37,23.0,2.0,181.0,6.0,0,0.16819474728324693,24000.0,no,0.0,"164,57",16.0,59ee0485e45b4b6341e334b3,044B0001,0.0,0.0,53.263067,44,-6.238052,1.0,10.0,044B,#DBSvcUpdate October Bank Holiday Arrangements 2017 https://t.co/vtbCKchhzQ https://t.co/qpvFVUhj2z,0.0,28051.0,25.0,2017.0
IVWhPHcBXOWlsYmdLI3V,0.0,238.0,14.0,238.0,238.0,0.0,3497.0,0.0,"[-6.235095, 53.261839]",2017-10-23 16:02:01,23.0,2.0,181.0,6.0,0,0.239428080467553,24000.0,no,0.0,"165,56",16.0,59ee049de45b4b6341e336da,044B0001,0.0,0.0,53.261839,44,-6.235095,2.0,10.0,044B,#DBSvcUpdate October Bank Holiday Arrangements 2017 https://t.co/vtbCKchhzQ https://t.co/qpvFVUhj2z,0.0,28051.0,35.0,2017.0
1VWhPHcBXOWlsYmdLI7V,-19.0,238.0,14.0,238.0,238.0,0.0,3498.0,0.0,"[-6.233092, 53.260973]",2017-10-23 16:02:28,23.0,2.0,162.0,5.0,0,0.16438276230839544,27000.0,no,0.0,"165,56",16.0,59ee04b9e45b4b6341e338b1,044B0001,0.0,0.0,53.260973,44,-6.233092,2.0,10.0,044B,#DBSvcUpdate October Bank Holiday Arrangements 2017 https://t.co/vtbCKchhzQ https://t.co/qpvFVUhj2z,0.0,28051.0,21.0,2017.0
0lWhPHcBXOWlsYmdLY9H,0.0,238.0,14.0,238.0,238.0,0.0,3499.0,0.0,"[-6.232103, 53.259056]",2017-10-23 16:02:44,23.0,2.0,162.0,5.0,0,0.223080549373358,16000.0,no,0.0,"166,55",16.0,59ee04c6e45b4b6341e339c8,044B0001,0.0,0.0,53.259056,44,-6.232103,2.0,10.0,044B,#DBSvcUpdate October Bank Holiday Arrangements 2017 https://t.co/vtbCKchhzQ https://t.co/qpvFVUhj2z,0.0,28051.0,50.0,2017.0
A1WhPHcBXOWlsYmdLZNH,0.0,238.0,14.0,238.0,238.0,0.0,3499.0,0.0,"[-6.232158, 53.258972]",2017-10-23 16:03:32,23.0,2.0,162.0,5.0,0,0.010031280386070693,48000.0,no,0.0,"166,55",16.0,59ee04f3e45b4b6341e33d33,044B0001,0.0,0.0,53.258972,44,-6.232158,3.0,10.0,044B,#DBSvcUpdate October Bank Holiday Arrangements 2017 https://t.co/vtbCKchhzQ https://t.co/qpvFVUhj2z,0.0,28051.0,0.0,2017.0
OlWhPHcBXOWlsYmdLZSu,33.0,238.0,14.0,238.0,238.0,0.0,3499.0,0.0,"[-6.232158, 53.258972]",2017-10-23 16:03:38,23.0,2.0,195.0,6.0,0,0.0,6000.0,no,0.0,"166,55",16.0,59ee04fbe45b4b6341e33e83,044B0001,0.0,0.0,53.258972,44,-6.232158,3.0,10.0,044B,#DBSvcUpdate October Bank Holiday Arrangements 2017 https://t.co/vtbCKchhzQ https://t.co/qpvFVUhj2z,0.0,28051.0,0.0,2017.0
HlWhPHcBXOWlsYmdLZWv,20.0,238.0,14.0,238.0,238.0,0.0,3499.0,0.0,"[-6.232163, 53.258964]",2017-10-23 16:03:55,23.0,2.0,215.0,6.0,0,0.0009496987841484278,17000.0,no,0.0,"166,55",16.0,59ee050be45b4b6341e33f76,044B0001,0.0,0.0,53.258964,44,-6.232163,3.0,10.0,044B,#DBSvcUpdate October Bank Holiday Arrangements 2017 https://t.co/vtbCKchhzQ https://t.co/qpvFVUhj2z,0.0,28051.0,0.0,2017.0
FFWhPHcBXOWlsYmdLZev,20.0,238.0,14.0,238.0,238.0,0.0,3499.0,0.0,"[-6.232163, 53.258964]",2017-10-23 16:04:11,23.0,2.0,235.0,6.0,0,0.0,16000.0,no,0.0,"166,55",16.0,59ee0520e45b4b6341e34195,044B0001,0.0,0.0,53.258964,44,-6.232163,4.0,10.0,044B,#DBSvcUpdate October Bank Holiday Arrangements 2017 https://t.co/vtbCKchhzQ https://t.co/qpvFVUhj2z,0.0,28051.0,0.0,2017.0
uVWhPHcBXOWlsYmdLpgk,18.0,238.0,14.0,238.0,238.0,0.0,3499.0,0.0,"[-6.232213, 53.258888]",2017-10-23 16:04:28,23.0,2.0,253.0,6.0,0,0.009081710700941641,17000.0,no,0.0,"166,55",16.0,59ee052be45b4b6341e34356,044B0001,0.0,0.0,53.258888,44,-6.232213,4.0,10.0,044B,#DBSvcUpdate October Bank Holiday Arrangements 2017 https://t.co/vtbCKchhzQ https://t.co/qpvFVUhj2z,0.0,28051.0,1.0,2017.0
c1WhPHcBXOWlsYmdLpok,20.0,238.0,14.0,238.0,238.0,0.0,3499.0,0.0,"[-6.232213, 53.258888]",2017-10-23 16:04:41,23.0,2.0,273.0,6.0,0,0.0,13000.0,no,0.0,"166,55",16.0,59ee053be45b4b6341e3452a,044B0001,0.0,0.0,53.258888,44,-6.232213,4.0,10.0,044B,#DBSvcUpdate October Bank Holiday Arrangements 2017 https://t.co/vtbCKchhzQ https://t.co/qpvFVUhj2z,0.0,28051.0,0.0,2017.0
flWhPHcBXOWlsYmdLpyM,20.0,238.0,14.0,238.0,238.0,0.0,3499.0,0.0,"[-6.232213, 53.258888]",2017-10-23 16:05:13,23.0,2.0,293.0,6.0,0,0.0,32000.0,no,0.0,"166,55",16.0,59ee0559e45b4b6341e34755,044B0001,0.0,0.0,53.258888,44,-6.232213,5.0,10.0,044B,#DBSvcUpdate October Bank Holiday Arrangements 2017 https://t.co/vtbCKchhzQ https://t.co/qpvFVUhj2z,0.0,28051.0,0.0,2017.0
D1WhPHcBXOWlsYmdLp6N,20.0,238.0,14.0,238.0,238.0,0.0,3499.0,0.0,"[-6.232213, 53.258888]",2017-10-23 16:05:37,23.0,2.0,313.0,7.0,0,0.0,24000.0,no,0.0,"166,55",16.0,59ee0575e45b4b6341e348fc,044B0001,0.0,0.0,53.258888,44,-6.232213,5.0,10.0,044B,#DBSvcUpdate October Bank Holiday Arrangements 2017 https://t.co/vtbCKchhzQ https://t.co/qpvFVUhj2z,0.0,28051.0,0.0,2017.0
q1WhPHcBXOWlsYmdLp_y,20.0,238.0,14.0,238.0,238.0,0.0,3499.0,0.0,"[-6.232213, 53.258888]",2017-10-23 16:05:59,23.0,2.0,333.0,7.0,0,0.0,22000.0,no,0.0,"166,55",16.0,59ee058be45b4b6341e34ac1,044B0001,0.0,0.0,53.258888,44,-6.232213,5.0,10.0,044B,#DBSvcUpdate October Bank Holiday Arrangements 2017 https://t.co/vtbCKchhzQ https://t.co/qpvFVUhj2z,0.0,28051.0,0.0,2017.0
ZlWhPHcBXOWlsYmdLqHy,20.0,238.0,14.0,238.0,238.0,0.0,3499.0,1.0,"[-6.232213, 53.258888]",2017-10-23 16:06:26,23.0,2.0,353.0,7.0,0,0.0,27000.0,no,0.0,"166,55",16.0,59ee05a7e45b4b6341e34ca0,044B0001,0.0,0.0,53.258888,44,-6.232213,6.0,10.0,044B,#DBSvcUpdate October Bank Holiday Arrangements 2017 https://t.co/vtbCKchhzQ https://t.co/qpvFVUhj2z,0.0,28051.0,0.0,2017.0
j1WhPHcBXOWlsYmdLqLy,40.0,238.0,14.0,238.0,238.0,0.0,3499.0,1.0,"[-6.232213, 53.258888]",2017-10-23 16:06:41,23.0,2.0,393.0,7.0,0,0.0,15000.0,no,0.0,"166,55",16.0,59ee05b5e45b4b6341e34de4,044B0001,0.0,0.0,53.258888,44,-6.232213,6.0,10.0,044B,#DBSvcUpdate October Bank Holiday Arrangements 2017 https://t.co/vtbCKchhzQ https://t.co/qpvFVUhj2z,0.0,28051.0,0.0,2017.0
H1ahPHcBXOWlsYmdXX0P,0.0,961.0,14.0,240.0,961.0,0.0,3504.0,0.0,"[-6.221462, 53.243913]",2017-10-23 16:14:01,23.0,2.0,528.0,7.0,0,0.4046744232738923,79000.0,no,0.0,"169,46",16.0,59ee076ae45b4b6341e3779d,044B0001,0.0,0.0,53.243913,44,-6.221462,14.0,10.0,044B,#DBSvcUpdate October Bank Holiday Arrangements 2017 https://t.co/vtbCKchhzQ https://t.co/qpvFVUhj2z,0.0,28051.0,18.0,2017.0
X1ahPHcBXOWlsYmdXYOo,0.0,961.0,14.0,240.0,961.0,0.0,3505.0,0.0,"[-6.222153, 53.241061]",2017-10-23 16:14:25,23.0,2.0,510.0,7.0,0,0.18108023433739143,21000.0,no,0.0,"169,45",16.0,59ee0784e45b4b6341e37a25,044B0001,0.0,0.0,53.241061,44,-6.222153,14.0,10.0,044B,#DBSvcUpdate October Bank Holiday Arrangements 2017 https://t.co/vtbCKchhzQ https://t.co/qpvFVUhj2z,0.0,28051.0,31.0,2017.0
JVahPHcBXOWlsYmdXoxJ,0.0,239.0,14.0,239.0,239.0,0.0,3506.0,0.0,"[-6.221554, 53.235212]",2017-10-23 16:15:25,23.0,2.0,510.0,7.0,0,0.2588900964240391,20000.0,no,0.0,"169,41",16.0,59ee07c0e45b4b6341e37f53,044B0001,0.0,0.0,53.235212,44,-6.221554,15.0,10.0,044B,#DBSvcUpdate October Bank Holiday Arrangements 2017 https://t.co/vtbCKchhzQ https://t.co/qpvFVUhj2z,0.0,28051.0,46.0,2017.0
BFahPHcBXOWlsYmdXo9e,0.0,62227.0,14.0,242.0,3888.0,0.0,3503.0,0.0,"[-6.2303, 53.317517]",2017-10-23 10:19:04,23.0,2.0,-223.0,2.0,0,0.08377317629609779,20000.0,no,0.0,"166,87",10.0,59edb43be45b4b6341dcbf9b,044B0001,0.0,0.0,53.317517,44,-6.2303,19.0,10.0,044B,no,0.0,28051.0,15.0,2017.0
aVahPHcBXOWlsYmdXpXd,0.0,239.0,14.0,239.0,239.0,0.0,3506.0,0.0,"[-6.221229, 53.233739]",2017-10-23 16:15:45,23.0,2.0,510.0,7.0,0,0.16521221496165878,20000.0,no,0.0,"169,41",16.0,59ee07d1e45b4b6341e380e9,044B0001,0.0,0.0,53.233739,44,-6.221229,15.0,10.0,044B,#DBSvcUpdate October Bank Holiday Arrangements 2017 https://t.co/vtbCKchhzQ https://t.co/qpvFVUhj2z,0.0,28051.0,29.0,2017.0
RFahPHcBXOWlsYmdXpfd,0.0,239.0,14.0,239.0,239.0,0.0,3506.0,0.0,"[-6.221748, 53.23293]",2017-10-23 16:16:04,23.0,2.0,510.0,7.0,0,0.096360865180114,19000.0,no,0.0,"169,40",16.0,59ee07e7e45b4b6341e382e9,044B0001,0.0,0.0,53.23293,44,-6.221748,16.0,10.0,044B,#DBSvcUpdate October Bank Holiday Arrangements 2017 https://t.co/vtbCKchhzQ https://t.co/qpvFVUhj2z,0.0,28051.0,18.0,2017.0
K1ahPHcBXOWlsYmdX6LI,0.0,239.0,14.0,239.0,239.0,0.0,3507.0,0.0,"[-6.220969, 53.230148]",2017-10-23 16:16:44,23.0,2.0,510.0,7.0,0,0.31365950202434995,40000.0,no,0.0,"169,39",16.0,59ee080be45b4b6341e38630,044B0001,0.0,0.0,53.230148,44,-6.220969,16.0,10.0,044B,#DBSvcUpdate October Bank Holiday Arrangements 2017 https://t.co/vtbCKchhzQ https://t.co/qpvFVUhj2z,0.0,28051.0,28.0,2017.0
wlahPHcBXOWlsYmdX6PJ,0.0,239.0,14.0,239.0,239.0,0.0,3507.0,0.0,"[-6.22124, 53.22854]",2017-10-23 16:17:03,23.0,2.0,510.0,7.0,0,0.17970905264502118,19000.0,no,0.0,"169,38",16.0,59ee081fe45b4b6341e387df,044B0001,0.0,0.0,53.22854,44,-6.22124,17.0,10.0,044B,#DBSvcUpdate October Bank Holiday Arrangements 2017 https://t.co/vtbCKchhzQ https://t.co/qpvFVUhj2z,0.0,28051.0,34.0,2017.0
HVahPHcBXOWlsYmdYb2Q,0.0,239.0,14.0,239.0,239.0,0.0,3508.0,0.0,"[-6.219824, 53.222028]",2017-10-23 16:18:04,23.0,2.0,492.0,7.0,0,0.21258485084282475,21000.0,no,0.0,"170,34",16.0,59ee085be45b4b6341e38e22,044B0001,0.0,0.0,53.222028,44,-6.219824,18.0,10.0,044B,#DBSvcUpdate October Bank Holiday Arrangements 2017 https://t.co/vtbCKchhzQ https://t.co/qpvFVUhj2z,0.0,28051.0,36.0,2017.0
BFahPHcBXOWlsYmdYb-R,0.0,239.0,14.0,239.0,239.0,0.0,3508.0,0.0,"[-6.219741, 53.221845]",2017-10-23 16:18:24,23.0,2.0,492.0,7.0,0,0.021085573773872063,20000.0,no,0.0,"170,34",16.0,59ee086fe45b4b6341e39028,044B0001,0.0,0.0,53.221845,44,-6.219741,18.0,10.0,044B,#DBSvcUpdate October Bank Holiday Arrangements 2017 https://t.co/vtbCKchhzQ https://t.co/qpvFVUhj2z,0.0,28051.0,3.0,2017.0
HFahPHcBXOWlsYmdc9yc,66.0,239.0,14.0,239.0,239.0,1.0,3508.0,0.0,"[-6.219883, 53.221489]",2017-10-23 16:19:23,23.0,2.0,558.0,7.0,0,0.040698576494815265,59000.0,no,0.0,"170,34",16.0,59ee08ade45b4b6341e39643,044B0001,0.0,1.0,53.221489,44,-6.219883,19.0,10.0,044B,#DBSvcUpdate October Bank Holiday Arrangements 2017 https://t.co/vtbCKchhzQ https://t.co/qpvFVUhj2z,0.0,28051.0,2.0,2017.0
D1ahPHcBXOWlsYmdc96c,0.0,239.0,14.0,239.0,239.0,0.0,3510.0,0.0,"[-6.222615, 53.221478]",2017-10-23 16:19:43,23.0,2.0,558.0,7.0,0,0.18188699957752008,20000.0,no,0.0,"169,34",16.0,59ee08c4e45b4b6341e39863,044B0001,1.0,0.0,53.221478,44,-6.222615,19.0,10.0,044B,#DBSvcUpdate October Bank Holiday Arrangements 2017 https://t.co/vtbCKchhzQ https://t.co/qpvFVUhj2z,0.0,28051.0,32.0,2017.0
-FahPHcBXOWlsYmddN8B,0.0,239.0,14.0,239.0,239.0,0.0,3510.0,0.0,"[-6.224985, 53.221182]",2017-10-23 16:20:03,23.0,2.0,558.0,7.0,0,0.16117965934621611,20000.0,no,0.0,"168,34",16.0,59ee08d3e45b4b6341e39a6f,044B0001,0.0,0.0,53.221182,44,-6.224985,20.0,10.0,044B,#DBSvcUpdate October Bank Holiday Arrangements 2017 https://t.co/vtbCKchhzQ https://t.co/qpvFVUhj2z,0.0,28051.0,29.0,2017.0
AlahPHcBXOWlsYmddOIB,0.0,239.0,14.0,239.0,239.0,0.0,3512.0,0.0,"[-6.2268, 53.220604]",2017-10-23 16:20:23,23.0,2.0,558.0,7.0,0,0.13686447364938398,20000.0,no,0.0,"167,33",16.0,59ee08e7e45b4b6341e39ca8,044B0001,0.0,0.0,53.220604,44,-6.2268,20.0,10.0,044B,#DBSvcUpdate October Bank Holiday Arrangements 2017 https://t.co/vtbCKchhzQ https://t.co/qpvFVUhj2z,0.0,28051.0,24.0,2017.0
EFahPHcBXOWlsYmddORo,-21.0,237.0,14.0,237.0,237.0,0.0,3512.0,0.0,"[-6.230031, 53.220298]",2017-10-23 16:20:43,23.0,2.0,537.0,7.0,0,0.2177834346899565,20000.0,no,0.0,"166,33",16.0,59ee08fbe45b4b6341e39ed2,044B0001,0.0,0.0,53.220298,44,-6.230031,20.0,10.0,044B,#DBSvcUpdate October Bank Holiday Arrangements 2017 https://t.co/vtbCKchhzQ https://t.co/qpvFVUhj2z,0.0,28051.0,39.0,2017.0
-1ahPHcBXOWlsYmddOVo,0.0,237.0,14.0,237.0,237.0,0.0,3512.0,0.0,"[-6.230921, 53.220488]",2017-10-23 16:21:03,23.0,2.0,537.0,7.0,0,0.06290707277089011,20000.0,no,0.0,"166,33",16.0,59ee090ee45b4b6341e3a0de,044B0001,0.0,0.0,53.220488,44,-6.230921,21.0,10.0,044B,#DBSvcUpdate October Bank Holiday Arrangements 2017 https://t.co/vtbCKchhzQ https://t.co/qpvFVUhj2z,0.0,28051.0,11.0,2017.0
J1ahPHcBXOWlsYmddOjW,0.0,237.0,14.0,237.0,237.0,0.0,3512.0,0.0,"[-6.233813, 53.221379]",2017-10-23 16:21:24,23.0,2.0,537.0,7.0,0,0.2165327378980318,21000.0,no,0.0,"165,34",16.0,59ee0925e45b4b6341e3a33f,044B0001,0.0,0.0,53.221379,44,-6.233813,21.0,10.0,044B,#DBSvcUpdate October Bank Holiday Arrangements 2017 https://t.co/vtbCKchhzQ https://t.co/qpvFVUhj2z,0.0,28051.0,37.0,2017.0
7VahPHcBXOWlsYmddOnW,0.0,237.0,14.0,237.0,237.0,0.0,3514.0,0.0,"[-6.235421, 53.221903]",2017-10-23 16:21:42,23.0,2.0,537.0,7.0,0,0.12188156741852355,18000.0,no,0.0,"165,34",16.0,59ee0939e45b4b6341e3a52f,044B0001,0.0,0.0,53.221903,44,-6.235421,21.0,10.0,044B,#DBSvcUpdate October Bank Holiday Arrangements 2017 https://t.co/vtbCKchhzQ https://t.co/qpvFVUhj2z,0.0,28051.0,24.0,2017.0
UVahPHcBXOWlsYmddexW,-17.0,237.0,14.0,237.0,237.0,0.0,3514.0,0.0,"[-6.238262, 53.222917]",2017-10-23 16:22:03,23.0,2.0,520.0,7.0,0,0.2201934643945917,21000.0,no,0.0,"164,35",16.0,59ee094ee45b4b6341e3a7c2,044B0001,0.0,0.0,53.222917,44,-6.238262,22.0,10.0,044B,#DBSvcUpdate October Bank Holiday Arrangements 2017 https://t.co/vtbCKchhzQ https://t.co/qpvFVUhj2z,0.0,28051.0,37.0,2017.0
x1mhPHcBXOWlsYmd1jf7,0.0,3893.0,14.0,243.0,3893.0,0.0,2833.0,0.0,"[-6.229259, 53.27453]",2017-10-23 18:34:14,23.0,2.0,378.0,7.0,0,0.07389177545775101,26000.0,no,0.0,"167,63",18.0,59ee2849e45b4b6341e67f1c,044B0001,0.0,0.0,53.27453,44,-6.229259,34.0,10.0,044B,no,0.0,28052.0,10.0,2017.0
2FuiPHcBXOWlsYmdtzgp,19.0,962.0,14.0,240.0,962.0,0.0,3493.0,0.0,"[-6.229207, 53.265717]",2017-10-23 18:41:26,23.0,2.0,620.0,8.0,0,0.04392219742800741,22000.0,no,0.0,"167,58",18.0,59ee29f8e45b4b6341e6aafe,044B0001,0.0,0.0,53.265717,44,-6.229207,41.0,10.0,044B,no,0.0,28052.0,7.0,2017.0
pluiPHcBXOWlsYmdtzop,20.0,962.0,14.0,240.0,962.0,0.0,3493.0,0.0,"[-6.229207, 53.265717]",2017-10-23 18:41:49,23.0,2.0,640.0,8.0,0,0.0,23000.0,no,0.0,"167,58",18.0,59ee2a0fe45b4b6341e6acf0,044B0001,0.0,0.0,53.265717,44,-6.229207,41.0,10.0,044B,no,0.0,28052.0,0.0,2017.0
jluiPHcBXOWlsYmdt0S6,20.0,962.0,14.0,240.0,962.0,0.0,3493.0,0.0,"[-6.229207, 53.265717]",2017-10-23 18:42:13,23.0,2.0,660.0,8.0,0,0.0,24000.0,no,0.0,"167,58",18.0,59ee2a28e45b4b6341e6af2a,044B0001,0.0,0.0,53.265717,44,-6.229207,42.0,10.0,044B,no,0.0,28052.0,0.0,2017.0
b1uiPHcBXOWlsYmdt0a6,17.0,962.0,14.0,240.0,962.0,0.0,3493.0,0.0,"[-6.229208, 53.265609]",2017-10-23 18:42:32,23.0,2.0,677.0,8.0,0,0.012009236233116515,19000.0,no,0.0,"167,58",18.0,59ee2a3ae45b4b6341e6b12c,044B0001,0.0,0.0,53.265609,44,-6.229208,42.0,10.0,044B,no,0.0,28052.0,2.0,2017.0
t1uiPHcBXOWlsYmduE9S,0.0,962.0,14.0,240.0,962.0,0.0,3493.0,0.0,"[-6.22921, 53.26534]",2017-10-23 18:42:46,23.0,2.0,677.0,8.0,0,0.029911731013701363,14000.0,no,0.0,"167,58",18.0,59ee2a47e45b4b6341e6b2c0,044B0001,0.0,0.0,53.26534,44,-6.22921,42.0,10.0,044B,no,0.0,28052.0,7.0,2017.0
21uiPHcBXOWlsYmduFFS,0.0,238.0,14.0,238.0,238.0,0.0,3494.0,0.0,"[-6.231683, 53.265315]",2017-10-23 18:43:08,23.0,2.0,677.0,8.0,0,0.16449486489304468,22000.0,no,0.0,"166,58",18.0,59ee2a5fe45b4b6341e6b502,044B0001,0.0,0.0,53.265315,44,-6.231683,43.0,10.0,044B,no,0.0,28052.0,26.0,2017.0
4VyjPHcBXOWlsYmdB2Wh,0.0,238.0,14.0,238.0,238.0,0.0,3514.0,0.0,"[-6.231133, 53.2653]",2017-10-23 18:49:28,23.0,2.0,677.0,8.0,0,0.30342162258350563,18000.0,no,0.0,"166,58",18.0,59ee2bdae45b4b6341e6d942,044B0001,0.0,0.0,53.2653,44,-6.231133,49.0,10.0,044B,no,0.0,28052.0,60.0,2017.0
ZVyjPHcBXOWlsYmdB2eh,0.0,238.0,14.0,238.0,238.0,0.0,3514.0,0.0,"[-6.229467, 53.265283]",2017-10-23 18:49:44,23.0,2.0,677.0,8.0,0,0.11081658461803857,16000.0,no,0.0,"167,58",18.0,59ee2be9e45b4b6341e6dae2,044B0001,0.0,0.0,53.265283,44,-6.229467,49.0,10.0,044B,no,0.0,28052.0,24.0,2017.0
o1yjPHcBXOWlsYmdCYEM,0.0,3893.0,14.0,243.0,3893.0,0.0,3514.0,0.0,"[-6.2286, 53.271117]",2017-10-23 18:51:44,23.0,2.0,677.0,8.0,0,0.2578133962299329,20000.0,no,0.0,"167,61",18.0,59ee2c60e45b4b6341e6e635,044B0001,0.0,0.0,53.271117,44,-6.2286,51.0,10.0,044B,no,0.0,28052.0,46.0,2017.0
OFyjPHcBXOWlsYmdCYMM,0.0,3893.0,14.0,243.0,3893.0,0.0,3514.0,0.0,"[-6.2286, 53.271117]",2017-10-23 18:52:03,23.0,2.0,677.0,8.0,0,0.0,19000.0,no,0.0,"167,61",18.0,59ee2c76e45b4b6341e6e7e7,044B0001,0.0,0.0,53.271117,44,-6.2286,52.0,10.0,044B,no,0.0,28052.0,0.0,2017.0
tFyjPHcBXOWlsYmdCYMM,0.0,3893.0,14.0,243.0,3893.0,0.0,3514.0,0.0,"[-6.228617, 53.271117]",2017-10-23 18:52:07,23.0,2.0,677.0,8.0,0,0.0011304629138298265,4000.0,no,0.0,"167,61",18.0,59ee2c7ae45b4b6341e6e86c,044B0001,0.0,0.0,53.271117,44,-6.228617,52.0,10.0,044B,no,0.0,28052.0,1.0,2017.0
VFyjPHcBXOWlsYmdCYW6,0.0,3893.0,14.0,243.0,3893.0,0.0,3514.0,0.0,"[-6.2286, 53.271217]",2017-10-23 18:52:26,23.0,2.0,677.0,8.0,0,0.011176809049698632,19000.0,no,0.0,"167,61",18.0,59ee2c8de45b4b6341e6ea2a,044B0001,0.0,0.0,53.271217,44,-6.2286,52.0,10.0,044B,no,0.0,28052.0,2.0,2017.0
NlyjPHcBXOWlsYmdCYe6,0.0,3893.0,14.0,243.0,3893.0,0.0,3514.0,0.0,"[-6.228683, 53.272783]",2017-10-23 18:52:50,23.0,2.0,677.0,8.0,0,0.1742187005878655,24000.0,no,0.0,"167,62",18.0,59ee2ca7e45b4b6341e6ec2b,044B0001,0.0,0.0,53.272783,44,-6.228683,52.0,10.0,044B,no,0.0,28052.0,26.0,2017.0
3lyjPHcBXOWlsYmdCohb,0.0,967.0,14.0,241.0,967.0,0.0,3514.0,0.0,"[-6.229433, 53.275033]",2017-10-23 18:53:14,23.0,2.0,677.0,8.0,0,0.25511047743428283,24000.0,no,0.0,"167,64",18.0,59ee2cbce45b4b6341e6edeb,044B0001,0.0,0.0,53.275033,44,-6.229433,53.0,10.0,044B,no,0.0,28052.0,38.0,2017.0
llyjPHcBXOWlsYmdCopb,0.0,967.0,14.0,241.0,967.0,0.0,3514.0,0.0,"[-6.230083, 53.276883]",2017-10-23 18:53:35,23.0,2.0,677.0,8.0,0,0.21020159793649634,21000.0,no,0.0,"166,65",18.0,59ee2cd0e45b4b6341e6efbc,044B0001,0.0,0.0,53.276883,44,-6.230083,53.0,10.0,044B,no,0.0,28052.0,36.0,2017.0
MlyjPHcBXOWlsYmdCozh,0.0,967.0,14.0,241.0,967.0,0.0,3514.0,0.0,"[-6.230583, 53.277333]",2017-10-23 18:53:53,23.0,2.0,677.0,8.0,0,0.060074564189134344,18000.0,no,0.0,"166,65",18.0,59ee2ce2e45b4b6341e6f172,044B0001,0.0,0.0,53.277333,44,-6.230583,53.0,10.0,044B,no,0.0,28052.0,12.0,2017.0
BlyjPHcBXOWlsYmdCo7h,0.0,967.0,14.0,241.0,967.0,0.0,3514.0,0.0,"[-6.230733, 53.277467]",2017-10-23 18:54:08,23.0,2.0,677.0,8.0,0,0.017929819708049275,15000.0,no,0.0,"166,65",18.0,59ee2cf2e45b4b6341e6f375,044B0001,0.0,0.0,53.277467,44,-6.230733,54.0,10.0,044B,no,0.0,28052.0,4.0,2017.0
2VyjPHcBXOWlsYmdCo_h,0.0,967.0,14.0,241.0,967.0,0.0,3514.0,0.0,"[-6.231717, 53.279017]",2017-10-23 18:54:30,23.0,2.0,677.0,8.0,0,0.18435135196539884,22000.0,no,0.0,"166,66",18.0,59ee2d0ae45b4b6341e6f565,044B0001,0.0,0.0,53.279017,44,-6.231717,54.0,10.0,044B,no,0.0,28052.0,30.0,2017.0
8FuiPHcBXOWlsYmduFy_,0.0,238.0,14.0,238.0,238.0,0.0,3494.0,0.0,"[-6.235517, 53.265467]",2017-10-23 18:43:46,23.0,2.0,677.0,8.0,0,0.25554632457064635,38000.0,no,0.0,"165,58",18.0,59ee2a80e45b4b6341e6b882,044B0001,0.0,0.0,53.265467,44,-6.235517,43.0,10.0,044B,no,0.0,28052.0,24.0,2017.0
5luiPHcBXOWlsYmduF6_,0.0,238.0,14.0,238.0,238.0,0.0,3494.0,0.0,"[-6.240883, 53.264833]",2017-10-23 18:44:05,23.0,2.0,677.0,8.0,0,0.3637735151882257,19000.0,no,0.0,"163,58",18.0,59ee2a94e45b4b6341e6ba9e,044B0001,0.0,0.0,53.264833,44,-6.240883,44.0,10.0,044B,no,0.0,28052.0,68.0,2017.0
X1uiPHcBXOWlsYmduWJo,0.0,238.0,14.0,238.0,238.0,0.0,3494.0,0.0,"[-6.241517, 53.267267]",2017-10-23 18:44:45,23.0,2.0,677.0,8.0,0,0.27391319593408214,40000.0,no,0.0,"163,59",18.0,59ee2ac1e45b4b6341e6be50,044B0001,0.0,0.0,53.267267,44,-6.241517,44.0,10.0,044B,no,0.0,28052.0,24.0,2017.0
fVuiPHcBXOWlsYmduWPL,0.0,238.0,14.0,238.0,238.0,0.0,3514.0,0.0,"[-6.241517, 53.267267]",2017-10-23 18:45:01,23.0,2.0,677.0,8.0,0,0.0,16000.0,no,0.0,"163,59",18.0,59ee2ad0e45b4b6341e6bf83,044B0001,0.0,0.0,53.267267,44,-6.241517,45.0,10.0,044B,no,0.0,28052.0,0.0,2017.0
HluiPHcBXOWlsYmduWTL,0.0,238.0,14.0,238.0,238.0,0.0,3514.0,0.0,"[-6.23845, 53.26835]",2017-10-23 18:45:10,23.0,2.0,677.0,8.0,0,0.23686181632830844,9000.0,no,0.0,"164,60",18.0,59ee2ad8e45b4b6341e6c031,044B0001,0.0,0.0,53.26835,44,-6.23845,45.0,10.0,044B,no,0.0,28052.0,94.0,2017.0
-VuiPHcBXOWlsYmduWXL,0.0,238.0,14.0,238.0,238.0,0.0,3514.0,0.0,"[-6.237683, 53.269483]",2017-10-23 18:45:33,23.0,2.0,677.0,8.0,0,0.13591758193007797,23000.0,no,0.0,"164,60",18.0,59ee2af0e45b4b6341e6c232,044B0001,0.0,0.0,53.269483,44,-6.237683,45.0,10.0,044B,no,0.0,28052.0,21.0,2017.0
oVuiPHcBXOWlsYmdumcv,0.0,238.0,14.0,238.0,238.0,0.0,3514.0,0.0,"[-6.240267, 53.26935]",2017-10-23 18:45:55,23.0,2.0,677.0,8.0,0,0.17247241741817812,22000.0,no,0.0,"163,60",18.0,59ee2b06e45b4b6341e6c400,044B0001,0.0,0.0,53.26935,44,-6.240267,45.0,10.0,044B,no,0.0,28052.0,28.0,2017.0
71uiPHcBXOWlsYmdumgv,0.0,238.0,14.0,238.0,238.0,0.0,3514.0,0.0,"[-6.242083, 53.268867]",2017-10-23 18:46:13,23.0,2.0,677.0,8.0,0,0.1321696448223138,18000.0,no,0.0,"162,60",18.0,59ee2b1ae45b4b6341e6c56b,044B0001,0.0,0.0,53.268867,44,-6.242083,46.0,10.0,044B,no,0.0,28052.0,26.0,2017.0
bFuiPHcBXOWlsYmdumuj,0.0,238.0,14.0,238.0,238.0,0.0,3514.0,0.0,"[-6.242467, 53.268333]",2017-10-23 18:46:37,23.0,2.0,677.0,8.0,0,0.06463651415583516,24000.0,no,0.0,"162,60",18.0,59ee2b32e45b4b6341e6c815,044B0001,0.0,0.0,53.268333,44,-6.242467,46.0,10.0,044B,no,0.0,28052.0,9.0,2017.0
AVuiPHcBXOWlsYmdum2k,0.0,238.0,14.0,238.0,238.0,0.0,3514.0,0.0,"[-6.2418, 53.269]",2017-10-23 18:46:58,23.0,2.0,677.0,8.0,0,0.08641905519893905,21000.0,no,0.0,"162,60",18.0,59ee2b45e45b4b6341e6c9cb,044B0001,0.0,0.0,53.269,44,-6.2418,46.0,10.0,044B,no,0.0,28052.0,14.0,2017.0
9luiPHcBXOWlsYmdu24b,0.0,238.0,14.0,238.0,238.0,0.0,3514.0,0.0,"[-6.2396, 53.2695]",2017-10-23 18:47:11,23.0,2.0,677.0,8.0,0,0.15650952995459758,13000.0,no,0.0,"163,60",18.0,59ee2b52e45b4b6341e6cbe2,044B0001,0.0,0.0,53.2695,44,-6.2396,47.0,10.0,044B,no,0.0,28052.0,43.0,2017.0
tFuiPHcBXOWlsYmdu3Ab,0.0,238.0,14.0,238.0,238.0,0.0,3514.0,0.0,"[-6.23735, 53.269317]",2017-10-23 18:47:32,23.0,2.0,677.0,8.0,0,0.151003408848727,21000.0,no,0.0,"164,60",18.0,59ee2b66e45b4b6341e6cdc5,044B0001,0.0,0.0,53.269317,44,-6.23735,47.0,10.0,044B,no,0.0,28052.0,25.0,2017.0
jVuiPHcBXOWlsYmdu3Ib,0.0,238.0,14.0,238.0,238.0,0.0,3514.0,0.0,"[-6.238867, 53.26825]",2017-10-23 18:47:44,23.0,2.0,677.0,8.0,0,0.15573680154289227,12000.0,no,0.0,"163,60",18.0,59ee2b74e45b4b6341e6cfc5,044B0001,0.0,0.0,53.26825,44,-6.238867,47.0,10.0,044B,no,0.0,28052.0,46.0,2017.0
FlyjPHcBXOWlsYmdBk84,0.0,238.0,14.0,238.0,238.0,0.0,3514.0,0.0,"[-6.241683, 53.2668]",2017-10-23 18:48:08,23.0,2.0,677.0,8.0,0,0.24711811503457357,24000.0,no,0.0,"162,59",18.0,59ee2b87e45b4b6341e6d1a4,044B0001,0.0,0.0,53.2668,44,-6.241683,48.0,10.0,044B,no,0.0,28052.0,37.0,2017.0
4VyjPHcBXOWlsYmdBlA4,0.0,238.0,14.0,238.0,238.0,0.0,3514.0,0.0,"[-6.241833, 53.265217]",2017-10-23 18:48:24,23.0,2.0,677.0,8.0,0,0.17630402884059299,16000.0,no,0.0,"162,58",18.0,59ee2b9ae45b4b6341e6d38c,044B0001,0.0,0.0,53.265217,44,-6.241833,48.0,10.0,044B,no,0.0,28052.0,39.0,2017.0
WVyjPHcBXOWlsYmdBlrA,0.0,238.0,14.0,238.0,238.0,0.0,3514.0,0.0,"[-6.2391, 53.2648]",2017-10-23 18:48:44,23.0,2.0,677.0,8.0,0,0.18758558777000964,20000.0,no,0.0,"163,58",18.0,59ee2baee45b4b6341e6d54c,044B0001,0.0,0.0,53.2648,44,-6.2391,48.0,10.0,044B,no,0.0,28052.0,33.0,2017.0
MVyjPHcBXOWlsYmdBlzB,0.0,238.0,14.0,238.0,238.0,0.0,3514.0,0.0,"[-6.235683, 53.2655]",2017-10-23 18:49:10,23.0,2.0,677.0,8.0,0,0.2402149829368719,26000.0,no,0.0,"164,58",18.0,59ee2bcae45b4b6341e6d744,044B0001,0.0,0.0,53.2655,44,-6.235683,49.0,10.0,044B,no,0.0,28052.0,33.0,2017.0
HVyjPHcBXOWlsYmdCHE0,0.0,238.0,14.0,238.0,238.0,0.0,3514.0,0.0,"[-6.229483, 53.265283]",2017-10-23 18:50:05,23.0,2.0,677.0,8.0,0,0.001064110280447447,21000.0,no,0.0,"167,58",18.0,59ee2bfce45b4b6341e6dceb,044B0001,0.0,0.0,53.265283,44,-6.229483,50.0,10.0,044B,no,0.0,28052.0,0.0,2017.0
cFyjPHcBXOWlsYmdCHQ0,0.0,238.0,14.0,238.0,238.0,0.0,3514.0,0.0,"[-6.229433, 53.265283]",2017-10-23 18:50:44,23.0,2.0,677.0,8.0,0,0.0033253446262948394,39000.0,no,0.0,"167,58",18.0,59ee2c26e45b4b6341e6e073,044B0001,0.0,0.0,53.265283,44,-6.229433,50.0,10.0,044B,no,0.0,28052.0,0.0,2017.0
QVyjPHcBXOWlsYmdCHqj,0.0,962.0,14.0,240.0,962.0,0.0,3514.0,0.0,"[-6.229283, 53.266633]",2017-10-23 18:51:06,23.0,2.0,677.0,8.0,0,0.15044426278269224,22000.0,no,0.0,"167,59",18.0,59ee2c3ae45b4b6341e6e27c,044B0001,0.0,0.0,53.266633,44,-6.229283,51.0,10.0,044B,no,0.0,28052.0,24.0,2017.0
BlyjPHcBXOWlsYmdCHyj,0.0,962.0,14.0,240.0,962.0,0.0,3514.0,0.0,"[-6.229267, 53.268833]",2017-10-23 18:51:24,23.0,2.0,677.0,8.0,0,0.2446311527272206,18000.0,no,0.0,"167,60",18.0,59ee2c4fe45b4b6341e6e464,044B0001,0.0,0.0,53.268833,44,-6.229267,51.0,10.0,044B,no,0.0,28052.0,48.0,2017.0
QmWkPHcBXOWlsYmd84PW,223.0,3885.0,14.0,242.0,3885.0,1.0,2825.0,0.0,"[-6.2397, 53.305217]",2017-10-23 15:40:56,23.0,2.0,0.0,4.0,0,1.5035243657700543,19312000.0,no,0.0,"163,80",15.0,59edffade45b4b6341e2c4fb,044B0001,0.0,1.0,53.305217,44,-6.2397,40.0,10.0,044B,#DBSvcUpdate October Bank Holiday Arrangements 2017 https://t.co/vtbCKchhzQ https://t.co/qpvFVUhj2z,0.0,28051.0,0.0,2017.0
32WkPHcBXOWlsYmd84TW,0.0,3885.0,14.0,242.0,3885.0,1.0,2825.0,0.0,"[-6.245433, 53.305183]",2017-10-23 15:41:23,23.0,2.0,0.0,4.0,0,0.380946757515345,27000.0,no,0.0,"161,80",15.0,59edffcbe45b4b6341e2c6b1,044B0001,0.0,0.0,53.305183,44,-6.245433,41.0,10.0,044B,#DBSvcUpdate October Bank Holiday Arrangements 2017 https://t.co/vtbCKchhzQ https://t.co/qpvFVUhj2z,0.0,28051.0,50.0,2017.0
XWWkPHcBXOWlsYmd9IrY,0.0,3885.0,14.0,242.0,3885.0,1.0,2825.0,0.0,"[-6.240083, 53.305217]",2017-10-23 15:41:48,23.0,2.0,0.0,4.0,0,0.35549974485911356,25000.0,no,0.0,"163,80",15.0,59edffdee45b4b6341e2c860,044B0001,0.0,0.0,53.305217,44,-6.240083,41.0,10.0,044B,#DBSvcUpdate October Bank Holiday Arrangements 2017 https://t.co/vtbCKchhzQ https://t.co/qpvFVUhj2z,0.0,28051.0,51.0,2017.0
tGWkPHcBXOWlsYmd9ZFx,0.0,3874.0,14.0,241.0,3874.0,1.0,2825.0,0.0,"[-6.245167, 53.302233]",2017-10-23 15:42:25,23.0,2.0,0.0,4.0,0,0.21254656644747938,24000.0,no,0.0,"161,79",15.0,59ee0006e45b4b6341e2cc08,044B0001,0.0,0.0,53.302233,44,-6.245167,42.0,10.0,044B,#DBSvcUpdate October Bank Holiday Arrangements 2017 https://t.co/vtbCKchhzQ https://t.co/qpvFVUhj2z,0.0,28051.0,31.0,2017.0
lmWkPHcBXOWlsYmd9Zrz,0.0,3874.0,14.0,241.0,3874.0,1.0,2825.0,0.0,"[-6.246117, 53.30025]",2017-10-23 15:43:30,23.0,2.0,0.0,4.0,0,0.12886859766346698,23000.0,no,0.0,"161,78",15.0,59ee0045e45b4b6341e2d155,044B0001,0.0,0.0,53.30025,44,-6.246117,43.0,10.0,044B,#DBSvcUpdate October Bank Holiday Arrangements 2017 https://t.co/vtbCKchhzQ https://t.co/qpvFVUhj2z,0.0,28051.0,20.0,2017.0
Q2alPHcBXOWlsYmdBDYR,0.0,3874.0,14.0,241.0,3874.0,1.0,2825.0,0.0,"[-6.246383, 53.299383]",2017-10-23 15:44:08,23.0,2.0,0.0,4.0,0,0.03381139520703218,26000.0,no,0.0,"161,77",15.0,59ee0069e45b4b6341e2d4e2,044B0001,0.0,0.0,53.299383,44,-6.246383,44.0,10.0,044B,#DBSvcUpdate October Bank Holiday Arrangements 2017 https://t.co/vtbCKchhzQ https://t.co/qpvFVUhj2z,0.0,28051.0,4.0,2017.0
6GalPHcBXOWlsYmdBDcT,0.0,3874.0,14.0,241.0,3874.0,1.0,2825.0,0.0,"[-6.246433, 53.2991]",2017-10-23 15:44:26,23.0,2.0,0.0,4.0,0,0.03164309904849551,18000.0,no,0.0,"161,77",15.0,59ee007fe45b4b6341e2d6aa,044B0001,0.0,0.0,53.2991,44,-6.246433,44.0,10.0,044B,#DBSvcUpdate October Bank Holiday Arrangements 2017 https://t.co/vtbCKchhzQ https://t.co/qpvFVUhj2z,0.0,28051.0,6.0,2017.0
CWalPHcBXOWlsYmdBk15,0.0,3874.0,14.0,241.0,3874.0,1.0,2825.0,0.0,"[-6.246483, 53.298767]",2017-10-23 15:44:44,23.0,2.0,0.0,4.0,0,0.03717669535360295,18000.0,no,0.0,"161,77",15.0,59ee008ee45b4b6341e2d861,044B0001,0.0,0.0,53.298767,44,-6.246483,44.0,10.0,044B,#DBSvcUpdate October Bank Holiday Arrangements 2017 https://t.co/vtbCKchhzQ https://t.co/qpvFVUhj2z,0.0,28051.0,7.0,2017.0
02alPHcBXOWlsYmdBk55,0.0,3874.0,14.0,241.0,3874.0,1.0,2825.0,0.0,"[-6.246517, 53.298483]",2017-10-23 15:45:12,23.0,2.0,0.0,4.0,0,0.03166008739339252,28000.0,no,0.0,"161,77",15.0,59ee00abe45b4b6341e2da41,044B0001,0.0,0.0,53.298483,44,-6.246517,45.0,10.0,044B,#DBSvcUpdate October Bank Holiday Arrangements 2017 https://t.co/vtbCKchhzQ https://t.co/qpvFVUhj2z,0.0,28051.0,4.0,2017.0
EmalPHcBXOWlsYmdCGQH,0.0,3874.0,14.0,241.0,3874.0,1.0,2825.0,0.0,"[-6.246533, 53.298283]",2017-10-23 15:45:32,23.0,2.0,0.0,4.0,0,0.02226438964895726,20000.0,no,0.0,"161,76",15.0,59ee00c1e45b4b6341e2dc0d,044B0001,0.0,0.0,53.298283,44,-6.246533,45.0,10.0,044B,#DBSvcUpdate October Bank Holiday Arrangements 2017 https://t.co/vtbCKchhzQ https://t.co/qpvFVUhj2z,0.0,28051.0,4.0,2017.0
mGalPHcBXOWlsYmdCGUH,0.0,3874.0,14.0,241.0,3874.0,1.0,2825.0,0.0,"[-6.246517, 53.297767]",2017-10-23 15:45:49,23.0,2.0,0.0,4.0,0,0.05738643372748767,17000.0,no,0.0,"161,76",15.0,59ee00cde45b4b6341e2ddb6,044B0001,0.0,0.0,53.297767,44,-6.246517,45.0,10.0,044B,#DBSvcUpdate October Bank Holiday Arrangements 2017 https://t.co/vtbCKchhzQ https://t.co/qpvFVUhj2z,0.0,28051.0,12.0,2017.0
Z2alPHcBXOWlsYmdCGcH,0.0,3874.0,14.0,241.0,3874.0,1.0,2825.0,0.0,"[-6.2464, 53.29715]",2017-10-23 15:46:16,23.0,2.0,0.0,4.0,0,0.0690464704835117,27000.0,no,0.0,"161,76",15.0,59ee00ebe45b4b6341e2dfa0,044B0001,0.0,0.0,53.29715,44,-6.2464,46.0,10.0,044B,#DBSvcUpdate October Bank Holiday Arrangements 2017 https://t.co/vtbCKchhzQ https://t.co/qpvFVUhj2z,0.0,28051.0,9.0,2017.0
NmalPHcBXOWlsYmdCXqa,0.0,3874.0,14.0,241.0,3874.0,1.0,2825.0,0.0,"[-6.246233, 53.2964]",2017-10-23 15:46:29,23.0,2.0,0.0,4.0,0,0.08413145290323863,13000.0,no,0.0,"161,75",15.0,59ee00f4e45b4b6341e2e15e,044B0001,0.0,0.0,53.2964,44,-6.246233,46.0,10.0,044B,#DBSvcUpdate October Bank Holiday Arrangements 2017 https://t.co/vtbCKchhzQ https://t.co/qpvFVUhj2z,0.0,28051.0,23.0,2017.0
xGalPHcBXOWlsYmdCXua,0.0,3873.0,14.0,241.0,3873.0,1.0,2825.0,0.0,"[-6.246117, 53.295917]",2017-10-23 15:46:47,23.0,2.0,0.0,4.0,0,0.05425762721008092,18000.0,no,0.0,"161,75",15.0,59ee0108e45b4b6341e2e305,044B0001,0.0,0.0,53.295917,44,-6.246117,46.0,10.0,044B,#DBSvcUpdate October Bank Holiday Arrangements 2017 https://t.co/vtbCKchhzQ https://t.co/qpvFVUhj2z,0.0,28051.0,10.0,2017.0
OGalPHcBXOWlsYmdCon4,0.0,3873.0,14.0,241.0,3873.0,1.0,2825.0,0.0,"[-6.2461, 53.29535]",2017-10-23 15:47:06,23.0,2.0,0.0,4.0,0,0.06305764575966671,19000.0,no,0.0,"161,75",15.0,59ee011de45b4b6341e2e4d8,044B0001,0.0,0.0,53.29535,44,-6.2461,47.0,10.0,044B,#DBSvcUpdate October Bank Holiday Arrangements 2017 https://t.co/vtbCKchhzQ https://t.co/qpvFVUhj2z,0.0,28051.0,11.0,2017.0
ymalPHcBXOWlsYmdCor4,0.0,3873.0,14.0,241.0,3873.0,1.0,2825.0,0.0,"[-6.246083, 53.2947]",2017-10-23 15:47:27,23.0,2.0,0.0,4.0,0,0.0722855325453304,21000.0,no,0.0,"161,74",15.0,59ee012ee45b4b6341e2e685,044B0001,0.0,0.0,53.2947,44,-6.246083,47.0,10.0,044B,#DBSvcUpdate October Bank Holiday Arrangements 2017 https://t.co/vtbCKchhzQ https://t.co/qpvFVUhj2z,0.0,28051.0,12.0,2017.0
cGalPHcBXOWlsYmdDpDA,0.0,3873.0,14.0,241.0,3873.0,1.0,2825.0,0.0,"[-6.246083, 53.294583]",2017-10-23 15:47:42,23.0,2.0,0.0,4.0,0,0.013009806416960354,15000.0,no,0.0,"161,74",15.0,59ee0144e45b4b6341e2e862,044B0001,0.0,0.0,53.294583,44,-6.246083,47.0,10.0,044B,#DBSvcUpdate October Bank Holiday Arrangements 2017 https://t.co/vtbCKchhzQ https://t.co/qpvFVUhj2z,0.0,28051.0,3.0,2017.0
L2alPHcBXOWlsYmdDpLA,0.0,3873.0,14.0,241.0,3873.0,1.0,2825.0,0.0,"[-6.245967, 53.293267]",2017-10-23 15:48:04,23.0,2.0,0.0,4.0,0,0.1465354763692073,22000.0,no,0.0,"161,74",15.0,59ee0155e45b4b6341e2ea42,044B0001,0.0,0.0,53.293267,44,-6.245967,48.0,10.0,044B,#DBSvcUpdate October Bank Holiday Arrangements 2017 https://t.co/vtbCKchhzQ https://t.co/qpvFVUhj2z,0.0,28051.0,23.0,2017.0
2malPHcBXOWlsYmdDpPB,0.0,3873.0,14.0,241.0,3873.0,1.0,2825.0,0.0,"[-6.245683, 53.2924]",2017-10-23 15:48:22,23.0,2.0,0.0,4.0,0,0.0982365125690171,18000.0,no,0.0,"161,73",15.0,59ee016ce45b4b6341e2ec18,044B0001,0.0,0.0,53.2924,44,-6.245683,48.0,10.0,044B,#DBSvcUpdate October Bank Holiday Arrangements 2017 https://t.co/vtbCKchhzQ https://t.co/qpvFVUhj2z,0.0,28051.0,19.0,2017.0
iWalPHcBXOWlsYmdEZVV,0.0,3873.0,14.0,241.0,3873.0,1.0,2825.0,0.0,"[-6.2457, 53.292383]",2017-10-23 15:48:43,23.0,2.0,0.0,4.0,0,0.0022022626417899475,21000.0,no,0.0,"161,73",15.0,59ee017fe45b4b6341e2ede1,044B0001,0.0,0.0,53.292383,44,-6.2457,48.0,10.0,044B,#DBSvcUpdate October Bank Holiday Arrangements 2017 https://t.co/vtbCKchhzQ https://t.co/qpvFVUhj2z,0.0,28051.0,0.0,2017.0
1GalPHcBXOWlsYmdEZjg,0.0,3873.0,14.0,241.0,3873.0,1.0,2825.0,0.0,"[-6.2456, 53.2914]",2017-10-23 15:49:23,23.0,2.0,0.0,4.0,0,0.10950650678002129,40000.0,no,0.0,"161,73",15.0,59ee01a7e45b4b6341e2f174,044B0001,0.0,0.0,53.2914,44,-6.2456,49.0,10.0,044B,#DBSvcUpdate October Bank Holiday Arrangements 2017 https://t.co/vtbCKchhzQ https://t.co/qpvFVUhj2z,0.0,28051.0,9.0,2017.0
oWalPHcBXOWlsYmdFJ_L,251.0,3873.0,14.0,241.0,3873.0,0.0,2827.0,0.0,"[-6.24361, 53.289377]",2017-10-23 15:50:42,23.0,2.0,251.0,6.0,0,0.2609538687935686,79000.0,no,0.0,"162,72",15.0,59ee01f5e45b4b6341e2f8b7,044B0001,1.0,0.0,53.289377,44,-6.24361,50.0,10.0,044B,#DBSvcUpdate October Bank Holiday Arrangements 2017 https://t.co/vtbCKchhzQ https://t.co/qpvFVUhj2z,0.0,28051.0,11.0,2017.0
WWalPHcBXOWlsYmdFaGC,20.0,3873.0,14.0,241.0,3873.0,0.0,2827.0,0.0,"[-6.243603, 53.289368]",2017-10-23 15:51:02,23.0,2.0,271.0,6.0,0,0.0011036304876347965,20000.0,no,0.0,"162,72",15.0,59ee0205e45b4b6341e2fa93,044B0001,0.0,0.0,53.289368,44,-6.243603,51.0,10.0,044B,#DBSvcUpdate October Bank Holiday Arrangements 2017 https://t.co/vtbCKchhzQ https://t.co/qpvFVUhj2z,0.0,28051.0,0.0,2017.0
F2alPHcBXOWlsYmdFaOC,20.0,3873.0,14.0,241.0,3873.0,0.0,2827.0,0.0,"[-6.243603, 53.289368]",2017-10-23 15:51:22,23.0,2.0,291.0,6.0,0,0.0,20000.0,no,0.0,"162,72",15.0,59ee021ce45b4b6341e2fc6f,044B0001,0.0,0.0,53.289368,44,-6.243603,51.0,10.0,044B,#DBSvcUpdate October Bank Holiday Arrangements 2017 https://t.co/vtbCKchhzQ https://t.co/qpvFVUhj2z,0.0,28051.0,0.0,2017.0
x2alPHcBXOWlsYmdFqRB,0.0,3873.0,14.0,241.0,3873.0,0.0,2827.0,0.0,"[-6.243003, 53.288722]",2017-10-23 15:51:42,23.0,2.0,291.0,6.0,0,0.08216079143735668,20000.0,no,0.0,"162,71",15.0,59ee022fe45b4b6341e2fe3b,044B0001,0.0,0.0,53.288722,44,-6.243003,51.0,10.0,044B,#DBSvcUpdate October Bank Holiday Arrangements 2017 https://t.co/vtbCKchhzQ https://t.co/qpvFVUhj2z,0.0,28051.0,14.0,2017.0
gmalPHcBXOWlsYmdFqZB,-24.0,3873.0,14.0,241.0,3873.0,0.0,2827.0,0.0,"[-6.241277, 53.28792]",2017-10-23 15:52:03,23.0,2.0,267.0,6.0,0,0.14531182980239757,21000.0,no,0.0,"163,71",15.0,59ee0244e45b4b6341e3000c,044B0001,0.0,0.0,53.28792,44,-6.241277,52.0,10.0,044B,#DBSvcUpdate October Bank Holiday Arrangements 2017 https://t.co/vtbCKchhzQ https://t.co/qpvFVUhj2z,0.0,28051.0,24.0,2017.0
RGalPHcBXOWlsYmdF6g6,-43.0,967.0,14.0,241.0,967.0,0.0,2828.0,0.0,"[-6.239014, 53.286482]",2017-10-23 15:52:22,23.0,2.0,224.0,6.0,0,0.2195359506430052,19000.0,no,0.0,"163,70",15.0,59ee0258e45b4b6341e301f2,044B0001,0.0,0.0,53.286482,44,-6.239014,52.0,10.0,044B,#DBSvcUpdate October Bank Holiday Arrangements 2017 https://t.co/vtbCKchhzQ https://t.co/qpvFVUhj2z,0.0,28051.0,41.0,2017.0
02alPHcBXOWlsYmdF6k6,0.0,967.0,14.0,241.0,967.0,1.0,2828.0,0.0,"[-6.238752, 53.286151]",2017-10-23 15:52:41,23.0,2.0,224.0,6.0,0,0.040718196797347665,19000.0,no,0.0,"163,70",15.0,59ee026ce45b4b6341e3039e,044B0001,0.0,1.0,53.286151,44,-6.238752,52.0,10.0,044B,#DBSvcUpdate October Bank Holiday Arrangements 2017 https://t.co/vtbCKchhzQ https://t.co/qpvFVUhj2z,0.0,28051.0,7.0,2017.0
pmalPHcBXOWlsYmdGqv3,20.0,967.0,14.0,241.0,967.0,0.0,2829.0,0.0,"[-6.238574, 53.285925]",2017-10-23 15:53:04,23.0,2.0,244.0,6.0,0,0.02777637793796606,23000.0,no,0.0,"164,70",15.0,59ee0280e45b4b6341e3058b,044B0001,1.0,0.0,53.285925,44,-6.238574,53.0,10.0,044B,#DBSvcUpdate October Bank Holiday Arrangements 2017 https://t.co/vtbCKchhzQ https://t.co/qpvFVUhj2z,0.0,28051.0,4.0,2017.0
cWalPHcBXOWlsYmdGq33,20.0,967.0,14.0,241.0,967.0,0.0,2829.0,0.0,"[-6.238574, 53.285925]",2017-10-23 15:53:22,23.0,2.0,264.0,6.0,0,0.0,18000.0,no,0.0,"164,70",15.0,59ee0297e45b4b6341e30772,044B0001,0.0,0.0,53.285925,44,-6.238574,53.0,10.0,044B,#DBSvcUpdate October Bank Holiday Arrangements 2017 https://t.co/vtbCKchhzQ https://t.co/qpvFVUhj2z,0.0,28051.0,0.0,2017.0
D2alPHcBXOWlsYmdGq_3,20.0,967.0,14.0,241.0,967.0,0.0,2829.0,0.0,"[-6.238574, 53.285925]",2017-10-23 15:53:42,23.0,2.0,284.0,6.0,0,0.0,20000.0,no,0.0,"164,70",15.0,59ee02a7e45b4b6341e3092b,044B0001,0.0,0.0,53.285925,44,-6.238574,53.0,10.0,044B,#DBSvcUpdate October Bank Holiday Arrangements 2017 https://t.co/vtbCKchhzQ https://t.co/qpvFVUhj2z,0.0,28051.0,0.0,2017.0
22alPHcBXOWlsYmdG7DD,16.0,967.0,14.0,241.0,967.0,0.0,2829.0,0.0,"[-6.238462, 53.285793]",2017-10-23 15:54:02,23.0,2.0,300.0,6.0,0,0.01645802479765714,20000.0,no,0.0,"164,70",15.0,59ee02bbe45b4b6341e30b17,044B0001,0.0,0.0,53.285793,44,-6.238462,54.0,10.0,044B,#DBSvcUpdate October Bank Holiday Arrangements 2017 https://t.co/vtbCKchhzQ https://t.co/qpvFVUhj2z,0.0,28051.0,2.0,2017.0
cWalPHcBXOWlsYmdG7LD,-38.0,967.0,14.0,241.0,967.0,0.0,2830.0,0.0,"[-6.236644, 53.284181]",2017-10-23 15:54:22,23.0,2.0,262.0,6.0,0,0.2161824488206714,20000.0,no,0.0,"164,69",15.0,59ee02d3e45b4b6341e30cc6,044B0001,0.0,0.0,53.284181,44,-6.236644,54.0,10.0,044B,#DBSvcUpdate October Bank Holiday Arrangements 2017 https://t.co/vtbCKchhzQ https://t.co/qpvFVUhj2z,0.0,28051.0,38.0,2017.0
IGalPHcBXOWlsYmdHLRW,0.0,967.0,14.0,241.0,967.0,0.0,2830.0,0.0,"[-6.233942, 53.28281]",2017-10-23 15:54:42,23.0,2.0,262.0,6.0,0,0.23559634025339352,20000.0,no,0.0,"165,68",15.0,59ee02e4e45b4b6341e30e95,044B0001,0.0,0.0,53.28281,44,-6.233942,54.0,10.0,044B,#DBSvcUpdate October Bank Holiday Arrangements 2017 https://t.co/vtbCKchhzQ https://t.co/qpvFVUhj2z,0.0,28051.0,42.0,2017.0
7malPHcBXOWlsYmdHLVW,-24.0,967.0,14.0,241.0,967.0,0.0,2831.0,0.0,"[-6.232212, 53.280482]",2017-10-23 15:55:03,23.0,2.0,238.0,6.0,0,0.28326205378890096,21000.0,no,0.0,"166,67",15.0,59ee02f7e45b4b6341e3107d,044B0001,0.0,0.0,53.280482,44,-6.232212,55.0,10.0,044B,#DBSvcUpdate October Bank Holiday Arrangements 2017 https://t.co/vtbCKchhzQ https://t.co/qpvFVUhj2z,0.0,28051.0,48.0,2017.0
umalPHcBXOWlsYmdHLfJ,0.0,967.0,14.0,241.0,967.0,0.0,2832.0,0.0,"[-6.231359, 53.278217]",2017-10-23 15:55:22,23.0,2.0,238.0,6.0,0,0.25816258395784586,19000.0,no,0.0,"166,65",15.0,59ee030be45b4b6341e3126e,044B0001,0.0,0.0,53.278217,44,-6.231359,55.0,10.0,044B,#DBSvcUpdate October Bank Holiday Arrangements 2017 https://t.co/vtbCKchhzQ https://t.co/qpvFVUhj2z,0.0,28051.0,48.0,2017.0
cWalPHcBXOWlsYmdHLnJ,0.0,967.0,14.0,241.0,967.0,1.0,2832.0,0.0,"[-6.230391, 53.277191]",2017-10-23 15:55:42,23.0,2.0,238.0,6.0,0,0.1309878618031639,20000.0,no,0.0,"166,65",15.0,59ee0325e45b4b6341e3143f,044B0001,0.0,1.0,53.277191,44,-6.230391,55.0,10.0,044B,#DBSvcUpdate October Bank Holiday Arrangements 2017 https://t.co/vtbCKchhzQ https://t.co/qpvFVUhj2z,0.0,28051.0,23.0,2017.0
amalPHcBXOWlsYmdH7vn,0.0,967.0,14.0,241.0,967.0,0.0,2833.0,0.0,"[-6.229577, 53.27608]",2017-10-23 15:56:02,23.0,2.0,238.0,6.0,0,0.13487307410774954,20000.0,no,0.0,"167,64",15.0,59ee0333e45b4b6341e3165f,044B0001,1.0,0.0,53.27608,44,-6.229577,56.0,10.0,044B,#DBSvcUpdate October Bank Holiday Arrangements 2017 https://t.co/vtbCKchhzQ https://t.co/qpvFVUhj2z,0.0,28051.0,24.0,2017.0
CWalPHcBXOWlsYmdH73n,0.0,967.0,14.0,241.0,967.0,0.0,2833.0,0.0,"[-6.229481, 53.275536]",2017-10-23 15:56:22,23.0,2.0,238.0,6.0,0,0.06082588913958799,20000.0,no,0.0,"167,64",15.0,59ee034ae45b4b6341e3181d,044B0001,0.0,0.0,53.275536,44,-6.229481,56.0,10.0,044B,#DBSvcUpdate October Bank Holiday Arrangements 2017 https://t.co/vtbCKchhzQ https://t.co/qpvFVUhj2z,0.0,28051.0,10.0,2017.0
sWalPHcBXOWlsYmdH77n,0.0,3893.0,14.0,243.0,3893.0,1.0,2833.0,0.0,"[-6.22922, 53.274352]",2017-10-23 15:56:42,23.0,2.0,238.0,6.0,0,0.1327936706229576,20000.0,no,0.0,"167,63",15.0,59ee035de45b4b6341e319e1,044B0001,0.0,1.0,53.274352,44,-6.22922,56.0,10.0,044B,#DBSvcUpdate October Bank Holiday Arrangements 2017 https://t.co/vtbCKchhzQ https://t.co/qpvFVUhj2z,0.0,28051.0,23.0,2017.0
cWalPHcBXOWlsYmdIMB1,0.0,3893.0,14.0,243.0,3893.0,0.0,6006.0,0.0,"[-6.228709, 53.273184]",2017-10-23 15:57:02,23.0,2.0,238.0,6.0,0,0.13424684042224538,20000.0,no,0.0,"167,62",15.0,59ee036fe45b4b6341e31bc2,044B0001,1.0,0.0,53.273184,44,-6.228709,57.0,10.0,044B,#DBSvcUpdate October Bank Holiday Arrangements 2017 https://t.co/vtbCKchhzQ https://t.co/qpvFVUhj2z,0.0,28051.0,24.0,2017.0
LGalPHcBXOWlsYmdIMJ1,0.0,3893.0,14.0,243.0,3893.0,0.0,6006.0,0.0,"[-6.228467, 53.27163]",2017-10-23 15:57:22,23.0,2.0,238.0,6.0,0,0.17354459429794244,20000.0,no,0.0,"167,62",15.0,59ee0387e45b4b6341e31d9f,044B0001,0.0,0.0,53.27163,44,-6.228467,57.0,10.0,044B,#DBSvcUpdate October Bank Holiday Arrangements 2017 https://t.co/vtbCKchhzQ https://t.co/qpvFVUhj2z,0.0,28051.0,31.0,2017.0
4malPHcBXOWlsYmdI8PV,0.0,3893.0,14.0,243.0,3893.0,0.0,6006.0,0.0,"[-6.228454, 53.271325]",2017-10-23 15:57:42,23.0,2.0,238.0,6.0,0,0.033925468244490144,20000.0,no,0.0,"167,61",15.0,59ee039be45b4b6341e31f7c,044B0001,0.0,0.0,53.271325,44,-6.228454,57.0,10.0,044B,#DBSvcUpdate October Bank Holiday Arrangements 2017 https://t.co/vtbCKchhzQ https://t.co/qpvFVUhj2z,0.0,28051.0,6.0,2017.0
zGalPHcBXOWlsYmdI8XV,-26.0,962.0,14.0,240.0,962.0,0.0,3493.0,0.0,"[-6.229119, 53.269043]",2017-10-23 15:58:03,23.0,2.0,212.0,6.0,0,0.2575714202521919,21000.0,no,0.0,"167,60",15.0,59ee03ade45b4b6341e32188,044B0001,0.0,0.0,53.269043,44,-6.229119,58.0,10.0,044B,#DBSvcUpdate October Bank Holiday Arrangements 2017 https://t.co/vtbCKchhzQ https://t.co/qpvFVUhj2z,0.0,28051.0,44.0,2017.0
Y2alPHcBXOWlsYmdJMdT,-53.0,962.0,14.0,240.0,962.0,0.0,3493.0,0.0,"[-6.229202, 53.266499]",2017-10-23 15:58:22,23.0,2.0,159.0,5.0,0,0.2829337408842222,19000.0,no,0.0,"167,59",15.0,59ee03c3e45b4b6341e32342,044B0001,0.0,0.0,53.266499,44,-6.229202,58.0,10.0,044B,#DBSvcUpdate October Bank Holiday Arrangements 2017 https://t.co/vtbCKchhzQ https://t.co/qpvFVUhj2z,0.0,28051.0,53.0,2017.0
LGalPHcBXOWlsYmdJMlU,0.0,962.0,14.0,240.0,962.0,0.0,3493.0,0.0,"[-6.229207, 53.26569]",2017-10-23 15:58:43,23.0,2.0,159.0,5.0,0,0.08995731025489477,21000.0,no,0.0,"167,58",15.0,59ee03d7e45b4b6341e3252a,044B0001,0.0,0.0,53.26569,44,-6.229207,58.0,10.0,044B,#DBSvcUpdate October Bank Holiday Arrangements 2017 https://t.co/vtbCKchhzQ https://t.co/qpvFVUhj2z,0.0,28051.0,15.0,2017.0
GGalPHcBXOWlsYmdJMu4,0.0,962.0,14.0,240.0,962.0,0.0,3493.0,0.0,"[-6.229208, 53.265582]",2017-10-23 15:59:06,23.0,2.0,159.0,5.0,0,0.012009236232558998,23000.0,no,0.0,"167,58",15.0,59ee03e9e45b4b6341e32747,044B0001,0.0,0.0,53.265582,44,-6.229208,59.0,10.0,044B,#DBSvcUpdate October Bank Holiday Arrangements 2017 https://t.co/vtbCKchhzQ https://t.co/qpvFVUhj2z,0.0,28051.0,1.0,2017.0
vGalPHcBXOWlsYmdJMy5,17.0,238.0,14.0,238.0,238.0,1.0,3493.0,0.0,"[-6.229694, 53.265276]",2017-10-23 15:59:23,23.0,2.0,176.0,5.0,0,0.04693050022951604,17000.0,no,0.0,"166,58",15.0,59ee03fee45b4b6341e3290f,044B0001,0.0,1.0,53.265276,44,-6.229694,59.0,10.0,044B,#DBSvcUpdate October Bank Holiday Arrangements 2017 https://t.co/vtbCKchhzQ https://t.co/qpvFVUhj2z,0.0,28051.0,9.0,2017.0
UWalPHcBXOWlsYmdJM65,0.0,238.0,14.0,238.0,238.0,0.0,3494.0,0.0,"[-6.232209, 53.265332]",2017-10-23 15:59:41,23.0,2.0,176.0,5.0,0,0.16738061992724648,18000.0,no,0.0,"166,58",15.0,59ee0411e45b4b6341e32ac8,044B0001,1.0,0.0,53.265332,44,-6.232209,59.0,10.0,044B,#DBSvcUpdate October Bank Holiday Arrangements 2017 https://t.co/vtbCKchhzQ https://t.co/qpvFVUhj2z,0.0,28051.0,33.0,2017.0
NmalPHcBXOWlsYmdJdAa,0.0,238.0,14.0,238.0,238.0,0.0,3495.0,0.0,"[-6.236708, 53.265408]",2017-10-23 16:00:06,23.0,2.0,176.0,5.0,0,0.29933321668127466,25000.0,no,0.0,"164,58",16.0,59ee0426e45b4b6341e32cd1,044B0001,0.0,0.0,53.265408,44,-6.236708,0.0,10.0,044B,#DBSvcUpdate October Bank Holiday Arrangements 2017 https://t.co/vtbCKchhzQ https://t.co/qpvFVUhj2z,0.0,28051.0,43.0,2017.0
9WalPHcBXOWlsYmdJdEa,-18.0,238.0,14.0,238.0,238.0,0.0,3495.0,0.0,"[-6.240005, 53.264776]",2017-10-23 16:00:22,23.0,2.0,158.0,5.0,0,0.2302602427806219,16000.0,no,0.0,"163,58",16.0,59ee0439e45b4b6341e32eb2,044B0001,0.0,0.0,53.264776,44,-6.240005,0.0,10.0,044B,#DBSvcUpdate October Bank Holiday Arrangements 2017 https://t.co/vtbCKchhzQ https://t.co/qpvFVUhj2z,0.0,28051.0,51.0,2017.0
02alPHcBXOWlsYmdJdNv,0.0,238.0,14.0,238.0,238.0,0.0,3495.0,0.0,"[-6.24033, 53.264195]",2017-10-23 16:00:42,23.0,2.0,158.0,5.0,0,0.06812432634963221,20000.0,no,0.0,"163,57",16.0,59ee044ee45b4b6341e330b6,044B0001,0.0,0.0,53.264195,44,-6.24033,0.0,10.0,044B,#DBSvcUpdate October Bank Holiday Arrangements 2017 https://t.co/vtbCKchhzQ https://t.co/qpvFVUhj2z,0.0,28051.0,12.0,2017.0
tlqiPHcBXOWlsYmdCyqz,30.0,3893.0,14.0,243.0,3893.0,0.0,6006.0,0.0,"[-6.228924, 53.273527]",2017-10-23 18:35:04,23.0,2.0,426.0,7.0,0,0.011001082626492952,20000.0,no,0.0,"167,63",18.0,59ee2878e45b4b6341e6851d,044B0001,0.0,0.0,53.273527,44,-6.228924,35.0,10.0,044B,no,0.0,28052.0,1.0,2017.0
tlqiPHcBXOWlsYmdCyyz,0.0,3893.0,14.0,243.0,3893.0,0.0,6006.0,0.0,"[-6.228586, 53.272687]",2017-10-23 18:35:25,23.0,2.0,426.0,7.0,0,0.09606973350804501,21000.0,no,0.0,"167,62",18.0,59ee2890e45b4b6341e68746,044B0001,0.0,0.0,53.272687,44,-6.228586,35.0,10.0,044B,no,0.0,28052.0,16.0,2017.0
FVqiPHcBXOWlsYmdDTbK,24.0,3893.0,14.0,243.0,3893.0,0.0,6006.0,0.0,"[-6.228584, 53.272678]",2017-10-23 18:35:45,23.0,2.0,450.0,7.0,0,0.0010095522732271836,20000.0,no,0.0,"167,62",18.0,59ee28a2e45b4b6341e688fb,044B0001,0.0,0.0,53.272678,44,-6.228584,35.0,10.0,044B,no,0.0,28052.0,0.0,2017.0
QlqiPHcBXOWlsYmdDTjK,0.0,3893.0,14.0,243.0,3893.0,0.0,6006.0,0.0,"[-6.228506, 53.272304]",2017-10-23 18:36:13,23.0,2.0,450.0,7.0,0,0.04190909137029819,28000.0,no,0.0,"167,62",18.0,59ee28c0e45b4b6341e68b4b,044B0001,0.0,0.0,53.272304,44,-6.228506,36.0,10.0,044B,no,0.0,28052.0,5.0,2017.0
9FqiPHcBXOWlsYmdEUm2,25.0,3893.0,14.0,243.0,3893.0,0.0,6006.0,0.0,"[-6.22848, 53.271864]",2017-10-23 18:36:31,23.0,2.0,475.0,7.0,0,0.04895630558934133,18000.0,no,0.0,"167,62",18.0,59ee28d0e45b4b6341e68d7f,044B0001,0.0,0.0,53.271864,44,-6.22848,36.0,10.0,044B,no,0.0,28052.0,9.0,2017.0
sFqiPHcBXOWlsYmdEUu2,0.0,962.0,14.0,240.0,962.0,0.0,6006.0,0.0,"[-6.228678, 53.27041]",2017-10-23 18:36:45,23.0,2.0,475.0,7.0,0,0.1622126615601728,14000.0,no,0.0,"167,61",18.0,59ee28e0e45b4b6341e68f5f,044B0001,0.0,0.0,53.27041,44,-6.228678,36.0,10.0,044B,no,0.0,28052.0,41.0,2017.0
I1qiPHcBXOWlsYmdFWH4,-25.0,962.0,14.0,240.0,962.0,0.0,3493.0,0.0,"[-6.22917, 53.268884]",2017-10-23 18:37:05,23.0,2.0,450.0,7.0,0,0.1728089894674181,20000.0,no,0.0,"167,60",18.0,59ee28f3e45b4b6341e6916b,044B0001,0.0,0.0,53.268884,44,-6.22917,37.0,10.0,044B,no,0.0,28052.0,31.0,2017.0
41qiPHcBXOWlsYmdFWL4,0.0,962.0,14.0,240.0,962.0,0.0,3493.0,0.0,"[-6.22923, 53.268672]",2017-10-23 18:37:29,23.0,2.0,450.0,7.0,0,0.02390862653859432,24000.0,no,0.0,"167,60",18.0,59ee290ce45b4b6341e69347,044B0001,0.0,0.0,53.268672,44,-6.22923,37.0,10.0,044B,no,0.0,28052.0,3.0,2017.0
hlqiPHcBXOWlsYmdFWT4,33.0,962.0,14.0,240.0,962.0,0.0,3493.0,0.0,"[-6.229229, 53.268654]",2017-10-23 18:37:46,23.0,2.0,483.0,7.0,0,0.002002613158837779,17000.0,no,0.0,"167,60",18.0,59ee291ee45b4b6341e6950b,044B0001,0.0,0.0,53.268654,44,-6.229229,37.0,10.0,044B,no,0.0,28052.0,0.0,2017.0
D1qiPHcBXOWlsYmdGnqh,15.0,962.0,14.0,240.0,962.0,0.0,3493.0,0.0,"[-6.229226, 53.268474]",2017-10-23 18:38:04,23.0,2.0,498.0,7.0,0,0.020016081081108514,18000.0,no,0.0,"167,60",18.0,59ee292de45b4b6341e69731,044B0001,0.0,0.0,53.268474,44,-6.229226,38.0,10.0,044B,no,0.0,28052.0,4.0,2017.0
CFqiPHcBXOWlsYmdGnyi,0.0,962.0,14.0,240.0,962.0,0.0,3493.0,0.0,"[-6.22922, 53.268079]",2017-10-23 18:38:31,23.0,2.0,498.0,7.0,0,0.043923808424013236,27000.0,no,0.0,"167,60",18.0,59ee294ae45b4b6341e69950,044B0001,0.0,0.0,53.268079,44,-6.22922,38.0,10.0,044B,no,0.0,28052.0,5.0,2017.0
X1qiPHcBXOWlsYmdII0d,28.0,962.0,14.0,240.0,962.0,0.0,3493.0,0.0,"[-6.229219, 53.268034]",2017-10-23 18:38:49,23.0,2.0,526.0,7.0,0,0.005004213605436015,18000.0,no,0.0,"167,60",18.0,59ee295ae45b4b6341e69b2e,044B0001,0.0,0.0,53.268034,44,-6.229219,38.0,10.0,044B,no,0.0,28052.0,1.0,2017.0
a1qiPHcBXOWlsYmdII8d,15.0,962.0,14.0,240.0,962.0,0.0,3493.0,0.0,"[-6.229216, 53.267864]",2017-10-23 18:39:10,23.0,2.0,541.0,7.0,0,0.0189041903287842,21000.0,no,0.0,"167,60",18.0,59ee2973e45b4b6341e69d5b,044B0001,0.0,0.0,53.267864,44,-6.229216,39.0,10.0,044B,no,0.0,28052.0,3.0,2017.0
olqiPHcBXOWlsYmdJKBZ,17.0,962.0,14.0,240.0,962.0,0.0,3493.0,0.0,"[-6.229214, 53.267747]",2017-10-23 18:39:27,23.0,2.0,558.0,7.0,0,0.013010486294023814,17000.0,no,0.0,"167,59",18.0,59ee297ee45b4b6341e69f09,044B0001,0.0,0.0,53.267747,44,-6.229214,39.0,10.0,044B,no,0.0,28052.0,2.0,2017.0
e1qiPHcBXOWlsYmdJKJa,0.0,962.0,14.0,240.0,962.0,0.0,3493.0,0.0,"[-6.229204, 53.267172]",2017-10-23 18:39:47,23.0,2.0,558.0,7.0,0,0.06394054137421712,20000.0,no,0.0,"167,59",18.0,59ee2997e45b4b6341e6a102,044B0001,0.0,0.0,53.267172,44,-6.229204,39.0,10.0,044B,no,0.0,28052.0,11.0,2017.0
AlqiPHcBXOWlsYmdKbQ1,0.0,962.0,14.0,240.0,962.0,0.0,3493.0,0.0,"[-6.229202, 53.266525]",2017-10-23 18:40:10,23.0,2.0,558.0,7.0,0,0.07194324049289032,23000.0,no,0.0,"167,59",18.0,59ee29aee45b4b6341e6a312,044B0001,0.0,0.0,53.266525,44,-6.229202,40.0,10.0,044B,no,0.0,28052.0,11.0,2017.0
4lqiPHcBXOWlsYmdKbU1,23.0,962.0,14.0,240.0,962.0,0.0,3493.0,0.0,"[-6.229203, 53.266463]",2017-10-23 18:40:32,23.0,2.0,581.0,7.0,0,0.006894406220615286,22000.0,no,0.0,"167,59",18.0,59ee29c2e45b4b6341e6a50f,044B0001,0.0,0.0,53.266463,44,-6.229203,40.0,10.0,044B,no,0.0,28052.0,1.0,2017.0
YFqiPHcBXOWlsYmdK8IR,20.0,962.0,14.0,240.0,962.0,0.0,3493.0,0.0,"[-6.229203, 53.266463]",2017-10-23 18:40:45,23.0,2.0,601.0,8.0,0,0.0,13000.0,no,0.0,"167,59",18.0,59ee29cee45b4b6341e6a6a4,044B0001,0.0,0.0,53.266463,44,-6.229203,40.0,10.0,044B,no,0.0,28052.0,0.0,2017.0
rlqiPHcBXOWlsYmdK8QR,0.0,962.0,14.0,240.0,962.0,0.0,3493.0,0.0,"[-6.229205, 53.266112]",2017-10-23 18:41:04,23.0,2.0,601.0,8.0,0,0.039029645899241475,19000.0,no,0.0,"167,59",18.0,59ee29e0e45b4b6341e6a926,044B0001,0.0,0.0,53.266112,44,-6.229205,41.0,10.0,044B,no,0.0,28052.0,7.0,2017.0
flSgPHcBXOWlsYmd7pbS,-158.0,3873.0,14.0,241.0,3873.0,0.0,2826.0,0.0,"[-6.243664, 53.289442]",2017-10-23 09:48:07,23.0,2.0,97.0,5.0,0,0.3496402163045509,100000.0,no,0.0,"162,72",9.0,59edacfae45b4b6341dc879f,044B0001,0.0,0.0,53.289442,44,-6.243664,48.0,10.0,044B,no,0.0,28051.0,12.0,2017.0
AlSgPHcBXOWlsYmd8KxA,0.0,967.0,14.0,241.0,967.0,0.0,2829.0,0.0,"[-6.238091, 53.28541]",2017-10-23 09:49:46,23.0,2.0,27.0,4.0,0,0.05642807679183121,19000.0,no,0.0,"164,69",9.0,59edad5ee45b4b6341dc9200,044B0001,0.0,0.0,53.28541,44,-6.238091,49.0,10.0,044B,no,0.0,28051.0,10.0,2017.0
_1SgPHcBXOWlsYmd8K1A,-30.0,967.0,14.0,241.0,967.0,0.0,2830.0,0.0,"[-6.235407, 53.283821]",2017-10-23 09:50:13,23.0,2.0,-3.0,4.0,0,0.2511054715347471,27000.0,no,0.0,"165,68",9.0,59edad76e45b4b6341dc9417,044B0001,0.0,0.0,53.283821,44,-6.235407,50.0,10.0,044B,no,0.0,28051.0,33.0,2017.0
6l2jPHcBXOWlsYmdRmMJ,0.0,967.0,14.0,241.0,967.0,0.0,3514.0,0.0,"[-6.23475, 53.283617]",2017-10-23 18:55:26,23.0,2.0,677.0,8.0,0,0.1495849168407162,14000.0,no,0.0,"165,68",18.0,59ee2d42e45b4b6341e6fac4,044B0001,0.0,0.0,53.283617,44,-6.23475,55.0,10.0,044B,no,0.0,28052.0,38.0,2017.0
g12jPHcBXOWlsYmdR4jq,0.0,3873.0,14.0,241.0,3873.0,0.0,3514.0,0.0,"[-6.245167, 53.289367]",2017-10-23 18:58:06,23.0,2.0,677.0,8.0,0,0.29098911488217244,19000.0,no,0.0,"161,72",18.0,59ee2de2e45b4b6341e708d7,044B0001,0.0,0.0,53.289367,44,-6.245167,58.0,10.0,044B,no,0.0,28052.0,55.0,2017.0
J12jPHcBXOWlsYmdSI5y,0.0,966.0,14.0,241.0,966.0,0.0,3514.0,0.0,"[-6.24725, 53.291383]",2017-10-23 18:58:27,23.0,2.0,677.0,8.0,0,0.2634783432915186,21000.0,no,0.0,"161,73",18.0,59ee2df8e45b4b6341e70ab2,044B0001,0.0,0.0,53.291383,44,-6.24725,58.0,10.0,044B,no,0.0,28052.0,45.0,2017.0
r12jPHcBXOWlsYmdSI9y,0.0,3873.0,14.0,241.0,3873.0,0.0,3514.0,0.0,"[-6.246233, 53.293233]",2017-10-23 18:58:48,23.0,2.0,677.0,8.0,0,0.21653153986886056,21000.0,no,0.0,"161,74",18.0,59ee2e0be45b4b6341e70c5b,044B0001,0.0,0.0,53.293233,44,-6.246233,58.0,10.0,044B,no,0.0,28052.0,37.0,2017.0
oV2jPHcBXOWlsYmdSJFy,0.0,3873.0,14.0,241.0,3873.0,0.0,3514.0,0.0,"[-6.246067, 53.294167]",2017-10-23 18:59:07,23.0,2.0,677.0,8.0,0,0.1044404342972509,19000.0,no,0.0,"161,74",18.0,59ee2e1ce45b4b6341e70e73,044B0001,0.0,0.0,53.294167,44,-6.246067,59.0,10.0,044B,no,0.0,28052.0,19.0,2017.0
_F2jPHcBXOWlsYmdSZYL,0.0,3873.0,14.0,241.0,3873.0,0.0,3514.0,0.0,"[-6.2462, 53.295483]",2017-10-23 18:59:27,23.0,2.0,677.0,8.0,0,0.14659925214094222,20000.0,no,0.0,"161,75",18.0,59ee2e34e45b4b6341e70ffd,044B0001,0.0,0.0,53.295483,44,-6.2462,59.0,10.0,044B,no,0.0,28052.0,26.0,2017.0
fV2jPHcBXOWlsYmdSZgL,0.0,3874.0,14.0,241.0,3874.0,0.0,3514.0,0.0,"[-6.246367, 53.29665]",2017-10-23 18:59:44,23.0,2.0,677.0,8.0,0,0.13023824410977725,17000.0,no,0.0,"161,76",18.0,59ee2e40e45b4b6341e71196,044B0001,0.0,0.0,53.29665,44,-6.246367,59.0,10.0,044B,no,0.0,28052.0,27.0,2017.0
_GCkPHcBXOWlsYmdD9BQ,0.0,3873.0,14.0,241.0,3873.0,0.0,2826.0,0.0,"[-6.245771, 53.291955]",2017-10-23 17:30:36,23.0,2.0,0.0,4.0,0,0.05884028781040793,513000.0,no,0.0,"161,73",17.0,59ee195ee45b4b6341e56348,044B0001,1.0,0.0,53.291955,44,-6.245771,30.0,10.0,044B,no,0.0,28051.0,0.0,2017.0
YmCkPHcBXOWlsYmdEOad,0.0,3873.0,14.0,241.0,3873.0,0.0,2826.0,0.0,"[-6.244221, 53.289865]",2017-10-23 17:31:16,23.0,2.0,0.0,4.0,0,0.2542095051634357,40000.0,no,0.0,"162,72",17.0,59ee1987e45b4b6341e5697b,044B0001,0.0,0.0,53.289865,44,-6.244221,31.0,10.0,044B,no,0.0,28051.0,22.0,2017.0
92WkPHcBXOWlsYmd9IvY,0.0,3874.0,14.0,241.0,3874.0,1.0,2825.0,0.0,"[-6.245517, 53.304133]",2017-10-23 15:42:01,23.0,2.0,0.0,4.0,0,0.38065340276033316,13000.0,no,0.0,"161,80",15.0,59edffebe45b4b6341e2ca11,044B0001,0.0,0.0,53.304133,44,-6.245517,42.0,10.0,044B,#DBSvcUpdate October Bank Holiday Arrangements 2017 https://t.co/vtbCKchhzQ https://t.co/qpvFVUhj2z,0.0,28051.0,105.0,2017.0
XWWkPHcBXOWlsYmd9ZNx,0.0,3874.0,14.0,241.0,3874.0,1.0,2825.0,0.0,"[-6.24545, 53.301633]",2017-10-23 15:42:41,23.0,2.0,0.0,4.0,0,0.06931660761160546,16000.0,no,0.0,"161,78",15.0,59ee0014e45b4b6341e2cdcc,044B0001,0.0,0.0,53.301633,44,-6.24545,42.0,10.0,044B,#DBSvcUpdate October Bank Holiday Arrangements 2017 https://t.co/vtbCKchhzQ https://t.co/qpvFVUhj2z,0.0,28051.0,15.0,2017.0
AGWkPHcBXOWlsYmd9Znz,0.0,3874.0,14.0,241.0,3874.0,1.0,2825.0,0.0,"[-6.2456, 53.301367]",2017-10-23 15:43:07,23.0,2.0,0.0,4.0,0,0.0312122082100594,26000.0,no,0.0,"161,78",15.0,59ee002ee45b4b6341e2cfa0,044B0001,0.0,0.0,53.301367,44,-6.2456,43.0,10.0,044B,#DBSvcUpdate October Bank Holiday Arrangements 2017 https://t.co/vtbCKchhzQ https://t.co/qpvFVUhj2z,0.0,28051.0,4.0,2017.0
OWWkPHcBXOWlsYmd9Zzz,0.0,3874.0,14.0,241.0,3874.0,1.0,2825.0,0.0,"[-6.2463, 53.299683]",2017-10-23 15:43:42,23.0,2.0,0.0,4.0,0,0.06420963626778606,12000.0,no,0.0,"161,77",15.0,59ee0051e45b4b6341e2d316,044B0001,0.0,0.0,53.299683,44,-6.2463,43.0,10.0,044B,#DBSvcUpdate October Bank Holiday Arrangements 2017 https://t.co/vtbCKchhzQ https://t.co/qpvFVUhj2z,0.0,28051.0,19.0,2017.0
